44 ,0,1:51.297
5 ,0.705 ,1:52.002
6 ,1.643 ,1:52.940
3 ,3.197 ,1:54.494
19 ,4.446 ,1:55.743
26 ,5.100 ,1:56.397
27 ,6.303 ,1:57.600
9 ,6.749 ,1:58.046
33 ,7.476 ,1:58.773
8 ,7.839 ,1:59.136
55 ,8.771 ,2:00.068
7 ,9.267 ,2:00.564
12 ,9.369 ,2:00.666
77 ,9.624 ,2:00.921
14 ,10.331 ,2:01.628
11 ,10.650 ,2:01.947
22 ,11.266 ,2:02.563
98 ,12.647 ,2:03.944
13 ,PIT  ,2:44.733
44 ,0,1:46.505
5 ,1.030 ,1:46.830
6 ,2.318 ,1:47.180
3 ,4.108 ,1:47.416
19 ,6.088 ,1:48.147
26 ,7.091 ,1:48.496
27 ,8.593 ,1:48.795
9 ,9.059 ,1:48.815
8 ,10.197 ,1:48.863
33 ,10.255 ,1:49.284
55 ,10.900 ,1:48.634
77 ,13.400 ,1:50.281
11 ,14.614 ,1:50.469
14 ,15.201 ,1:51.375
22 ,15.659 ,1:50.898
98 ,18.895 ,1:52.753
12 ,PIT  ,1:56.091
7 ,PIT  ,2:32.942
13 ,86.568 ,2:19.637
44,0,1:46.996
5 ,0.829 ,1:46.795
6 ,2.336 ,1:47.014
3 ,4.897 ,1:47.785
19 ,7.250 ,1:48.158
26 ,8.171 ,1:48.076
27 ,10.450 ,1:48.853
9 ,10.823 ,1:48.760
8 ,11.536 ,1:48.335
33 ,12.444 ,1:49.185
55 ,12.723 ,1:48.819
77 ,13.788 ,1:47.384
11 ,16.990 ,1:49.372
14 ,18.455 ,1:50.250
22 ,19.132 ,1:50.469
98 ,24.134 ,1:52.235
12 ,51.808 ,2:19.849
7 ,92.661 ,2:23.953
13 ,98.191 ,1:58.619
5 ,0,2:09.884
44 ,PIT  ,2:11.570
6 ,PIT  ,2:12.990
3 ,PIT  ,2:12.388
19 ,PIT  ,2:13.180
26 ,PIT  ,2:13.743
27 ,11.928 ,2:12.191
8 ,12.537 ,2:11.714
55 ,13.873 ,2:11.863
33 ,PIT  ,2:14.497
77 ,PIT  ,2:14.568
11 ,19.608 ,2:13.331
14 ,PIT  ,2:18.361
98 ,31.803 ,2:18.382
22 ,PIT  ,2:23.593
12 ,60.752 ,2:19.657
7 ,98.095 ,2:16.147
13 ,106.766 ,2:19.288
5,0,2:29.327
27 ,0.559 ,2:17.958
8 ,2.122 ,2:18.912
55 ,3.694 ,2:19.148
11 ,8.598 ,2:18.317
44 ,13.448 ,2:41.918
3 ,18.808 ,2:41.563
19 ,19.989 ,2:39.599
6 ,21.081 ,2:45.795
26 ,25.536 ,2:43.662
98 ,PIT  ,2:24.906
33 ,29.001 ,2:42.100
77 ,29.116 ,2:40.800
14 ,35.640 ,2:38.864
22 ,49.409 ,2:46.724
12 ,51.034 ,2:19.609
7 ,58.515 ,1:49.747
13 ,81.124 ,2:03.685
5,0,2:36.358
27 ,1.262 ,2:37.061
8 ,1.755 ,2:35.991
55 ,2.176 ,2:34.840
11 ,2.704 ,2:30.464
44 ,3.632 ,2:26.542
3 ,4.611 ,2:22.161
19 ,5.349 ,2:21.718
6 ,5.602 ,2:20.879
33 ,6.653 ,2:14.010
26 ,6.769 ,2:17.591
77 ,7.375 ,2:14.617
14 ,8.772 ,2:09.490
22 ,14.042 ,2:00.991
98 ,14.219 ,2:23.195
7 ,19.914 ,1:57.757
12 ,20.143 ,2:05.467
13 ,32.795 ,1:48.029
5,0,1:46.037
27 ,3.736 ,1:48.511
8 ,4.436 ,1:48.718
55 ,5.020 ,1:48.881
44 ,5.880 ,1:48.285
3 ,6.821 ,1:48.247
19 ,7.878 ,1:48.566
11 ,8.214 ,1:51.547
6 ,8.426 ,1:48.861
33 ,8.887 ,1:48.271
26 ,9.270 ,1:48.538
77 ,9.528 ,1:48.190
14 ,11.307 ,1:48.572
22 ,16.326 ,1:48.321
7 ,20.411 ,1:46.534
98 ,20.848 ,1:52.666
12 ,22.876 ,1:48.770
13 ,33.903 ,1:47.145
5,0,1:46.216
27 ,5.882 ,1:48.362
8 ,6.513 ,1:48.293
55 ,7.222 ,1:48.418
44 ,7.663 ,1:47.999
3 ,8.498 ,1:47.893
19 ,9.042 ,1:47.380
6 ,9.651 ,1:47.441
33 ,11.188 ,1:48.517
26 ,11.771 ,1:48.717
77 ,13.262 ,1:49.950
11 ,13.897 ,1:51.899
14 ,14.401 ,1:49.310
22 ,18.491 ,1:48.381
7 ,20.960 ,1:46.765
12 ,25.311 ,1:48.651
98 ,25.993 ,1:51.361
13 ,35.062 ,1:47.375
5,0,1:46.326
27 ,7.796 ,1:48.240
8 ,8.303 ,1:48.116
55 ,9.059 ,1:48.163
44 ,9.413 ,1:48.076
3 ,10.232 ,1:48.060
6 ,10.849 ,1:47.524
19 ,10.967 ,1:48.251
33 ,12.648 ,1:47.786
26 ,13.675 ,1:48.230
77 ,14.002 ,1:47.066
11 ,17.044 ,1:49.473
14 ,17.330 ,1:49.255
22 ,20.741 ,1:48.576
7 ,21.192 ,1:46.558
12 ,26.318 ,1:47.333
98 ,30.670 ,1:51.003
13 ,36.485 ,1:47.749
5,0,1:46.264
44 ,9.995 ,1:46.846
27 ,10.034 ,1:48.502
8 ,10.977 ,1:48.938
55 ,11.502 ,1:48.707
3 ,12.038 ,1:48.070
6 ,12.505 ,1:47.920
19 ,13.181 ,1:48.478
33 ,14.067 ,1:47.683
77 ,14.417 ,1:46.679
26 ,16.378 ,1:48.967
11 ,19.990 ,1:49.210
14 ,21.046 ,1:49.980
7 ,21.942 ,1:47.014
22 ,23.658 ,1:49.181
12 ,27.322 ,1:47.268
98 ,35.702 ,1:51.296
13 ,37.967 ,1:47.746
5,0,1:46.470
44 ,9.902 ,1:46.377
27 ,12.960 ,1:49.396
8 ,13.805 ,1:49.298
55 ,14.283 ,1:49.251
3 ,14.333 ,1:48.765
6 ,14.765 ,1:48.730
19 ,15.334 ,1:48.623
77 ,15.966 ,1:48.019
33 ,16.493 ,1:48.896
26 ,18.207 ,1:48.299
11 ,22.468 ,1:48.948
7 ,23.109 ,1:47.637
14 ,23.389 ,1:48.813
22 ,26.190 ,1:49.002
12 ,28.749 ,1:47.897
13 ,39.727 ,1:48.230
98 ,40.375 ,1:51.143
5,0,1:46.210
44 ,10.044 ,1:46.352
27 ,15.621 ,1:48.871
8 ,16.088 ,1:48.493
6 ,17.048 ,1:48.493
55 ,17.309 ,1:49.236
3 ,17.866 ,1:49.743
19 ,18.403 ,1:49.279
77 ,19.041 ,1:49.285
33 ,19.799 ,1:49.516
26 ,20.296 ,1:48.299
11 ,25.293 ,1:49.035
7 ,25.399 ,1:48.500
14 ,26.383 ,1:49.204
22 ,28.784 ,1:48.804
12 ,30.799 ,1:48.260
13 ,41.214 ,1:47.697
98 ,45.502 ,1:51.337
5,0,1:46.677
44 ,9.715 ,1:46.348
27 ,18.335 ,1:49.391
6 ,18.452 ,1:48.081
8 ,19.387 ,1:49.976
55 ,20.188 ,1:49.556
3 ,20.759 ,1:49.570
19 ,20.981 ,1:49.255
77 ,21.447 ,1:49.083
33 ,21.989 ,1:48.867
26 ,22.406 ,1:48.787
7 ,25.697 ,1:46.975
11 ,28.534 ,1:49.918
14 ,28.952 ,1:49.246
22 ,30.977 ,1:48.870
12 ,32.346 ,1:48.224
13 ,42.243 ,1:47.706
98 ,50.287 ,1:51.462
5,0,1:46.649
44 ,9.228 ,1:46.162
6 ,18.284 ,1:46.481
27 ,22.022 ,1:50.336
8 ,22.736 ,1:49.998
19 ,23.341 ,1:49.009
77 ,24.396 ,1:49.598
3 ,24.462 ,1:50.352
33 ,25.071 ,1:49.731
26 ,25.812 ,1:50.055
55 ,PIT  ,1:54.338
7 ,PIT  ,1:51.539
14 ,31.826 ,1:49.523
11 ,31.896 ,1:50.011
22 ,33.347 ,1:49.019
12 ,34.345 ,1:48.648
13 ,43.769 ,1:48.175
98 ,55.277 ,1:51.639
5,0,1:46.710
44 ,9.013 ,1:46.495
6 ,17.831 ,1:46.257
19 ,25.561 ,1:48.930
77 ,26.325 ,1:48.639
3 ,27.379 ,1:49.627
33 ,27.849 ,1:49.488
27 ,PIT  ,1:53.114
26 ,28.661 ,1:49.559
8 ,PIT  ,1:54.886
14 ,34.627 ,1:49.511
11 ,35.084 ,1:49.898
22 ,36.365 ,1:49.728
12 ,37.150 ,1:49.515
13 ,45.655 ,1:48.596
55 ,47.760 ,2:06.593
7 ,48.411 ,2:04.534
98 ,60.624 ,1:52.057
5,0,1:46.946
44 ,8.791 ,1:46.724
6 ,17.143 ,1:46.258
19 ,25.955 ,1:47.340
77 ,27.282 ,1:47.903
3 ,29.441 ,1:49.008
33 ,29.948 ,1:49.045
26 ,30.747 ,1:49.032
14 ,36.677 ,1:48.996
22 ,38.973 ,1:49.554
11 ,39.057 ,1:50.919
12 ,39.707 ,1:49.503
13 ,47.339 ,1:48.630
7 ,47.421 ,1:45.956
55 ,47.811 ,1:46.997
27 ,50.479 ,2:08.999
8 ,50.491 ,2:06.525
98 ,65.465 ,1:51.787
5 ,PIT  ,1:51.047
44 ,4.102 ,1:46.358
6 ,12.206 ,1:46.110
19 ,21.993 ,1:47.085
77 ,23.554 ,1:47.319
33 ,28.135 ,1:49.234
3 ,28.825 ,1:50.431
26 ,29.136 ,1:49.436
14 ,34.090 ,1:48.460
22 ,37.481 ,1:49.555
12 ,39.173 ,1:50.513
7 ,41.746 ,1:45.372
11 ,PIT  ,1:55.579
55 ,44.081 ,1:47.317
8 ,46.277 ,1:46.833
13 ,46.907 ,1:50.615
27 ,48.267 ,1:48.835
98 ,66.977 ,1:52.559
44,0,1:46.709
6 ,8.094 ,1:46.699
5 ,12.712 ,2:03.523
19 ,18.835 ,1:47.653
77 ,20.534 ,1:47.791
33 ,25.756 ,1:48.432
26 ,26.907 ,1:48.582
14 ,31.812 ,1:48.533
3 ,PIT  ,1:54.534
22 ,36.108 ,1:49.438
7 ,36.738 ,1:45.803
12 ,37.117 ,1:48.755
55 ,40.056 ,1:46.786
8 ,41.821 ,1:46.355
27 ,46.122 ,1:48.666
13 ,PIT  ,1:52.960
11 ,59.877 ,2:07.099
98 ,69.516 ,1:53.350
44,0,1:47.028
6 ,7.445 ,1:46.379
5 ,10.136 ,1:44.452
19 ,19.502 ,1:47.695
77 ,21.548 ,1:48.042
33 ,27.285 ,1:48.557
26 ,28.942 ,1:49.063
14 ,33.372 ,1:48.588
7 ,35.233 ,1:45.523
22 ,39.198 ,1:50.118
55 ,40.308 ,1:47.280
8 ,41.258 ,1:46.465
12 ,42.185 ,1:52.096
27 ,47.385 ,1:48.291
3 ,52.868 ,2:07.348
11 ,59.274 ,1:46.425
98 ,76.008 ,1:53.520
13 ,80.237 ,2:18.209
44,0,1:46.761
6 ,7.252 ,1:46.568
5 ,8.271 ,1:44.896
19 ,20.411 ,1:47.670
77 ,22.763 ,1:47.976
26 ,31.792 ,1:49.611
33 ,PIT  ,1:52.373
7 ,34.756 ,1:46.284
14 ,35.217 ,1:48.606
55 ,41.464 ,1:47.917
22 ,41.546 ,1:49.109
8 ,41.875 ,1:47.378
12 ,PIT  ,1:53.289
27 ,48.725 ,1:48.101
3 ,52.369 ,1:46.262
11 ,59.340 ,1:46.827
13 ,79.891 ,1:46.415
98 ,83.075 ,1:53.828
44,0,1:46.854
5 ,7.123 ,1:45.706
6 ,7.508 ,1:47.110
19 ,21.671 ,1:48.114
77 ,23.701 ,1:47.792
7 ,33.676 ,1:45.774
26 ,PIT  ,1:52.210
8 ,41.732 ,1:46.711
55 ,43.462 ,1:48.852
22 ,PIT  ,1:54.608
27 ,50.295 ,1:48.424
3 ,52.278 ,1:46.763
33 ,52.732 ,2:06.689
14 ,PIT  ,2:09.704
11 ,59.349 ,1:46.863
12 ,68.859 ,2:07.000
13 ,79.715 ,1:46.678
98 ,90.865 ,1:54.644
44,0,1:46.793
5 ,5.055 ,1:44.725
6 ,7.793 ,1:47.078
19 ,22.776 ,1:47.898
77 ,24.988 ,1:48.080
7 ,32.410 ,1:45.527
8 ,40.820 ,1:45.881
55 ,43.493 ,1:46.824
27 ,51.327 ,1:47.825
3 ,52.138 ,1:46.653
33 ,52.434 ,1:46.495
26 ,56.491 ,2:06.136
11 ,59.640 ,1:47.084
12 ,67.606 ,1:45.540
22 ,69.839 ,2:07.332
13 ,79.080 ,1:46.158
98 ,PIT  ,1:59.043
44,0,1:47.498
5 ,2.540 ,1:44.983
6 ,7.590 ,1:47.295
19 ,23.356 ,1:48.078
77 ,25.794 ,1:48.304
7 ,30.618 ,1:45.706
8 ,40.167 ,1:46.845
55 ,43.280 ,1:47.285
27 ,51.499 ,1:47.670
33 ,51.729 ,1:46.793
3 ,52.618 ,1:47.978
26 ,54.740 ,1:45.747
11 ,59.401 ,1:47.259
12 ,66.512 ,1:46.404
22 ,69.428 ,1:47.087
13 ,77.946 ,1:46.364
5,0,1:44.964
44 ,PIT  ,1:52.137
6 ,7.657 ,1:47.571
98 ,1 LAP ,2:12.314
77 ,27.495 ,1:49.205
19 ,PIT  ,1:52.639
7 ,29.247 ,1:46.133
8 ,39.709 ,1:47.046
55 ,43.305 ,1:47.529
33 ,50.674 ,1:46.449
27 ,53.144 ,1:49.149
3 ,53.592 ,1:48.478
26 ,53.872 ,1:46.636
11 ,59.280 ,1:47.383
12 ,65.904 ,1:46.896
22 ,69.197 ,1:47.273
13 ,76.994 ,1:46.552
5,0,1:44.952
6 ,10.363 ,1:47.658
44 ,24.221 ,2:04.540
98 ,1 LAP ,1:49.666
7 ,31.600 ,1:47.305
77 ,PIT  ,1:53.996
8 ,41.250 ,1:46.493
55 ,45.667 ,1:47.314
19 ,49.300 ,2:05.761
33 ,52.214 ,1:46.492
27 ,56.824 ,1:48.632
3 ,57.096 ,1:48.456
26 ,57.356 ,1:48.436
11 ,61.641 ,1:47.313
12 ,67.927 ,1:46.975
22 ,71.602 ,1:47.357
13 ,78.615 ,1:46.573
5,0,1:45.058
6 ,PIT  ,1:51.325
44 ,23.180 ,1:44.017
98 ,1 LAP ,1:51.157
7 ,32.673 ,1:46.131
8 ,PIT  ,1:50.611
55 ,48.080 ,1:47.471
19 ,50.186 ,1:45.944
33 ,53.154 ,1:45.998
77 ,56.441 ,2:04.960
27 ,61.808 ,1:50.042
3 ,62.326 ,1:50.288
11 ,64.177 ,1:47.594
26 ,66.030 ,1:53.732
12 ,70.384 ,1:47.515
22 ,74.065 ,1:47.521
13 ,80.297 ,1:46.740
5,0,1:45.287
44 ,22.186 ,1:44.293
7 ,33.672 ,1:46.286
6 ,35.433 ,2:04.090
98 ,1 LAP ,1:53.480
55 ,50.147 ,1:47.354
19 ,51.204 ,1:46.305
33 ,53.846 ,1:45.979
77 ,56.349 ,1:45.195
27 ,64.732 ,1:48.211
3 ,64.865 ,1:47.826
11 ,66.853 ,1:47.963
26 ,67.337 ,1:46.594
8 ,67.843 ,2:06.327
12 ,72.316 ,1:47.219
22 ,75.684 ,1:46.906
13 ,81.978 ,1:46.968
5,0,1:45.336
44 ,20.826 ,1:43.976
7 ,34.697 ,1:46.361
6 ,34.752 ,1:44.655
98 ,1 LAP ,1:50.400
55 ,52.122 ,1:47.311
19 ,52.546 ,1:46.678
33 ,54.565 ,1:46.055
77 ,56.364 ,1:45.351
3 ,66.329 ,1:46.800
27 ,69.004 ,1:49.608
11 ,69.469 ,1:47.952
26 ,69.732 ,1:47.731
8 ,69.791 ,1:47.284
12 ,74.127 ,1:47.147
22 ,77.612 ,1:47.264
13 ,83.368 ,1:46.726
5,0,1:45.033
44 ,20.262 ,1:44.469
6 ,33.784 ,1:44.065
7 ,37.105 ,1:47.441
98 ,1 LAP ,1:50.094
19 ,53.243 ,1:45.730
55 ,55.974 ,1:48.885
33 ,56.144 ,1:46.612
77 ,56.720 ,1:45.389
3 ,68.404 ,1:47.108
27 ,72.582 ,1:48.611
26 ,72.654 ,1:47.955
11 ,73.764 ,1:49.328
8 ,73.958 ,1:49.200
12 ,76.947 ,1:47.853
22 ,79.735 ,1:47.156
13 ,85.830 ,1:47.495
5,0,1:45.346
44 ,19.117 ,1:44.201
6 ,32.879 ,1:44.441
7 ,38.377 ,1:46.618
19 ,53.937 ,1:46.040
33 ,56.918 ,1:46.120
98 ,1 LAP ,1:53.642
77 ,58.760 ,1:47.386
55 ,59.248 ,1:48.620
3 ,70.675 ,1:47.617
26 ,73.885 ,1:46.577
27 ,78.202 ,1:50.966
11 ,79.142 ,1:50.724
22 ,81.786 ,1:47.397
8 ,83.864 ,1:55.252
12 ,PIT  ,1:52.875
13 ,88.340 ,1:47.856
5,0,1:45.342
44 ,18.095 ,1:44.320
6 ,31.792 ,1:44.255
7 ,39.688 ,1:46.653
19 ,54.186 ,1:45.591
33 ,57.764 ,1:46.188
77 ,59.032 ,1:45.614
55 ,62.078 ,1:48.172
98 ,1 LAP ,1:52.712
3 ,72.486 ,1:47.153
26 ,75.559 ,1:47.016
11 ,82.246 ,1:48.446
22 ,83.980 ,1:47.536
27 ,PIT  ,1:52.505
8 ,85.800 ,1:47.278
13 ,90.963 ,1:47.965
5,0,1:45.586
12 ,1 LAP ,2:07.677
44 ,16.807 ,1:44.298
6 ,30.271 ,1:44.065
7 ,40.804 ,1:46.702
19 ,54.402 ,1:45.802
33 ,58.665 ,1:46.487
77 ,59.369 ,1:45.923
55 ,PIT  ,1:52.066
98 ,1 LAP ,1:50.443
3 ,74.076 ,1:47.176
26 ,76.874 ,1:46.901
11 ,84.459 ,1:47.799
22 ,85.764 ,1:47.370
8 ,87.090 ,1:46.876
13 ,93.505 ,1:48.128
5,0,1:45.456
27 ,1 LAP ,2:07.188
12 ,1 LAP ,1:46.297
44 ,15.652 ,1:44.301
6 ,29.293 ,1:44.478
7 ,42.200 ,1:46.852
19 ,54.773 ,1:45.827
33 ,59.471 ,1:46.262
77 ,59.908 ,1:45.995
98 ,1 LAP ,1:50.788
3 ,76.406 ,1:47.786
26 ,78.083 ,1:46.665
11 ,86.799 ,1:47.796
22 ,87.738 ,1:47.430
8 ,88.791 ,1:47.157
55 ,89.867 ,2:06.765
13 ,PIT  ,1:51.870
5,0,1:45.421
27 ,1 LAP ,1:46.534
12 ,1 LAP ,1:46.260
44 ,14.718 ,1:44.487
6 ,28.476 ,1:44.604
7 ,PIT  ,1:50.889
19 ,55.403 ,1:46.051
77 ,61.432 ,1:46.945
33 ,63.144 ,1:49.094
26 ,79.524 ,1:46.862
3 ,PIT  ,1:51.197
98 ,1 LAP ,1:54.724
11 ,89.468 ,1:48.090
22 ,90.000 ,1:47.683
55 ,91.004 ,1:46.558
8 ,PIT  ,1:51.972
5,0,1:45.774
27 ,1 LAP ,1:46.973
12 ,1 LAP ,1:47.134
44 ,14.489 ,1:45.545
13 ,1 LAP ,2:06.190
6 ,27.211 ,1:44.509
19 ,55.241 ,1:45.612
77 ,60.891 ,1:45.233
33 ,64.458 ,1:47.088
7 ,65.862 ,2:03.968
26 ,80.860 ,1:47.110
98 ,1 LAP ,1:51.399
55 ,92.880 ,1:47.650
11 ,PIT  ,1:52.359
22 ,PIT  ,1:52.277
3 ,102.572 ,2:06.164
5 ,0 ,1:45.763
27 ,1 LAP ,1:46.237
12 ,1 LAP ,1:46.655
8 ,1 LAP ,2:06.545
44 ,14.066 ,1:45.340
13 ,1 LAP ,1:46.119
6 ,25.945 ,1:44.497
19 ,54.954 ,1:45.476
77 ,60.430 ,1:45.302
7 ,65.243 ,1:45.144
33 ,65.927 ,1:47.232
26 ,82.221 ,1:47.124
55 ,93.087 ,1:45.970
98 ,1 LAP ,1:52.347
3 ,102.180 ,1:45.371
5 ,PIT  ,1:49.791
27 ,1 LAP ,1:46.425
12 ,1 LAP ,1:46.958
8 ,1 LAP ,1:44.812
22 ,1 LAP ,2:07.021
44 ,9.887 ,1:45.612
13 ,1 LAP ,1:45.990
11 ,1 LAP ,2:16.530
6 ,20.707 ,1:44.553
19 ,50.803 ,1:45.640
77 ,55.845 ,1:45.206
7 ,60.042 ,1:44.590
33 ,63.688 ,1:47.552
26 ,79.556 ,1:47.126
55 ,88.803 ,1:45.507
3 ,97.893 ,1:45.504
98 ,1 LAP ,1:52.945
27 ,107.229 ,1:46.298
12 ,109.247 ,1:46.923
8 ,110.350 ,1:44.979
22 ,114.204 ,1:46.234
13 ,118.612 ,1:47.143
44 ,PIT  ,1:49.322
11 ,1 LAP ,1:45.345
5 ,4.933 ,2:04.142
6 ,7.062 ,1:45.564
19 ,PIT  ,1:48.948
77 ,41.956 ,1:45.320
7 ,45.265 ,1:44.432
33 ,52.412 ,1:47.933
26 ,67.727 ,1:47.380
55 ,75.373 ,1:45.779
3 ,84.041 ,1:45.357
98 ,1 LAP ,1:51.688
27 ,94.711 ,1:46.691
12 ,96.115 ,1:46.077
8 ,96.556 ,1:45.415
22 ,101.051 ,1:46.056
13 ,104.473 ,1:45.070
5,0,1:43.732
11 ,1 LAP ,1:47.494
6 ,3.615 ,1:45.218
44 ,14.572 ,2:03.237
77 ,38.317 ,1:45.026
7 ,40.993 ,1:44.393
33 ,51.304 ,1:47.557
19 ,58.355 ,2:06.478
26 ,PIT  ,1:51.137
55 ,72.509 ,1:45.801
3 ,80.821 ,1:45.445
27 ,92.333 ,1:46.287
12 ,93.433 ,1:45.983
8 ,93.951 ,1:46.060
22 ,98.735 ,1:46.349
13 ,101.361 ,1:45.553
98 ,1 LAP ,1:58.796
5,0,1:44.012
6 ,4.844 ,1:45.241
11 ,1 LAP ,1:48.117
44 ,13.721 ,1:43.161
7 ,41.105 ,1:44.124
77 ,PIT  ,1:49.347
19 ,58.333 ,1:43.990
33 ,PIT  ,1:54.152
55 ,74.354 ,1:45.857
3 ,82.188 ,1:45.379
26 ,92.506 ,2:06.319
27 ,95.100 ,1:46.779
12 ,95.688 ,1:46.267
8 ,96.273 ,1:46.334
5,0,1:44.089
13 ,1 LAP ,1:47.502
11 ,1 LAP ,1:46.645
6 ,PIT  ,1:48.839
22 ,1 LAP ,1:59.513
98 ,2 LAPS ,1:58.589
44 ,14.197 ,1:44.565
7 ,41.587 ,1:44.571
19 ,58.706 ,1:44.462
77 ,63.114 ,2:03.551
55 ,75.963 ,1:45.698
33 ,81.780 ,2:04.425
3 ,84.296 ,1:46.197
26 ,92.931 ,1:44.514
27 ,97.453 ,1:46.442
12 ,97.931 ,1:46.332
8 ,98.347 ,1:46.163
5,0,1:43.690
13 ,1 LAP ,1:45.879
11 ,1 LAP ,1:46.098
44 ,13.957 ,1:43.450
98 ,2 LAPS ,1:53.894
6 ,26.945 ,2:01.041
7 ,42.714 ,1:44.817
19 ,59.512 ,1:44.496
77 ,63.512 ,1:44.088
22 ,PIT  ,2:43.347
55 ,78.083 ,1:45.810
33 ,82.669 ,1:44.579
3 ,85.918 ,1:45.312
26 ,94.076 ,1:44.835
27 ,100.378 ,1:46.615
8 ,101.297 ,1:46.640
12 ,101.551 ,1:47.310
5,0,1:43.814
13 ,1 LAP ,1:46.224
44 ,13.610 ,1:43.467
11 ,1 LAP ,1:46.918
6 ,25.193 ,1:42.062
98 ,2 LAPS ,1:54.055
7 ,43.552 ,1:44.652
19 ,60.220 ,1:44.522
77 ,63.797 ,1:44.099
55 ,80.113 ,1:45.844
33 ,83.926 ,1:45.071
3 ,87.534 ,1:45.430
26 ,94.872 ,1:44.610
27 ,103.659 ,1:47.095
8 ,103.818 ,1:46.335
5,0,1:44.228
12 ,PIT  ,1:53.051
13 ,1 LAP ,1:45.463
44 ,12.598 ,1:43.216
11 ,1 LAP ,1:46.511
6 ,23.517 ,1:42.552
7 ,44.443 ,1:45.119
98 ,PIT  ,1:58.115
19 ,60.508 ,1:44.516
77 ,63.795 ,1:44.226
55 ,81.743 ,1:45.858
33 ,85.100 ,1:45.402
3 ,88.850 ,1:45.544
26 ,95.458 ,1:44.814
5,0,1:44.225
8 ,1 LAP ,1:46.834
27 ,PIT  ,1:52.249
13 ,1 LAP ,1:45.561
44 ,11.498 ,1:43.125
11 ,1 LAP ,1:46.542
6 ,22.491 ,1:43.199
12 ,1 LAP ,2:04.221
7 ,45.169 ,1:44.951
19 ,60.846 ,1:44.563
77 ,63.954 ,1:44.384
98 ,2 LAPS ,2:14.771
55 ,83.462 ,1:45.944
33 ,86.007 ,1:45.132
3 ,90.360 ,1:45.735
26 ,95.873 ,1:44.640
5,0,1:43.648
8 ,1 LAP ,1:46.681
13 ,1 LAP ,1:46.741
44 ,11.711 ,1:43.861
6 ,22.433 ,1:43.590
11 ,1 LAP ,1:47.823
12 ,1 LAP ,1:43.902
27 ,1 LAP ,2:15.553
7 ,46.553 ,1:45.032
19 ,61.669 ,1:44.471
77 ,64.692 ,1:44.386
98 ,2 LAPS ,1:49.040
55 ,85.555 ,1:45.741
33 ,87.079 ,1:44.720
3 ,92.548 ,1:45.836
26 ,96.982 ,1:44.757
5,0,1:43.855
8 ,1 LAP ,1:46.513
44 ,11.241 ,1:43.385
13 ,1 LAP ,1:48.787
6 ,21.660 ,1:43.082
11 ,1 LAP ,1:47.384
12 ,1 LAP ,1:44.829
27 ,1 LAP ,1:44.822
7 ,47.948 ,1:45.250
19 ,62.770 ,1:44.956
77 ,65.120 ,1:44.283
55 ,87.614 ,1:45.914
33 ,88.063 ,1:44.839
98 ,2 LAPS ,1:52.759
3 ,94.641 ,1:45.948
26 ,98.564 ,1:45.437
5,0,1:43.963
8 ,1 LAP ,1:46.370
44 ,11.176 ,1:43.898
6 ,20.401 ,1:42.704
11 ,1 LAP ,1:47.044
12 ,1 LAP ,1:45.945
13 ,PIT  ,2:02.651
27 ,1 LAP ,1:45.230
7 ,49.289 ,1:45.304
19 ,63.742 ,1:44.935
77 ,65.680 ,1:44.523
33 ,89.720 ,1:45.620
55 ,91.736 ,1:48.085
3 ,97.122 ,1:46.444
26 ,99.645 ,1:45.044
98 ,2 LAPS ,1:52.343
5,0,1:44.063
44 ,10.911 ,1:43.798
8 ,1 LAP ,1:47.201
6 ,18.988 ,1:42.650
12 ,1 LAP ,1:45.214
11 ,1 LAP ,1:47.664
27 ,1 LAP ,1:45.087
7 ,50.285 ,1:45.059
19 ,64.459 ,1:44.780
77 ,66.061 ,1:44.444
33 ,91.146 ,1:45.489
55 ,93.681 ,1:46.008
3 ,98.539 ,1:45.480
26 ,100.329 ,1:44.747
5,0,1:44.306
98 ,3 LAPS ,1:50.947
44 ,10.276 ,1:43.671
8 ,1 LAP ,1:46.122
6 ,17.589 ,1:42.907
12 ,1 LAP ,1:44.635
11 ,1 LAP ,1:46.785
27 ,1 LAP ,1:44.927
7 ,50.778 ,1:44.799
19 ,64.798 ,1:44.645
77 ,66.354 ,1:44.599
33 ,91.933 ,1:45.093
55 ,95.727 ,1:46.352
3 ,99.801 ,1:45.568
26 ,101.147 ,1:45.124
5,0,1:44.147
98 ,3 LAPS ,1:49.517
44 ,10.070 ,1:43.941
6 ,17.793 ,1:44.351
8 ,1 LAP ,1:47.431
12 ,1 LAP ,1:45.175
11 ,1 LAP ,1:47.176
27 ,1 LAP ,1:45.444
7 ,51.618 ,1:44.987
19 ,65.946 ,1:45.295
77 ,66.974 ,1:44.767
33 ,93.151 ,1:45.365
55 ,97.699 ,1:46.119
3 ,101.443 ,1:45.789
26 ,102.129 ,1:45.129
5,0,1:44.149
44 ,10.106 ,1:44.185
98 ,3 LAPS ,1:50.821
6 ,17.003 ,1:43.359
8 ,1 LAP ,1:47.087
12 ,1 LAP ,1:44.855
11 ,1 LAP ,1:46.707
27 ,1 LAP ,1:45.515
7 ,52.490 ,1:45.021
19 ,67.247 ,1:45.450
77 ,67.688 ,1:44.863
33 ,94.397 ,1:45.395
55 ,100.449 ,1:46.899
5,0,1:44.540
26 ,1 LAP ,1:47.729
3 ,1 LAP ,1:49.658
44 ,9.920 ,1:44.354
6 ,16.386 ,1:43.923
98 ,3 LAPS ,1:50.829
8 ,1 LAP ,1:46.641
12 ,1 LAP ,1:44.447
11 ,1 LAP ,1:46.753
27 ,1 LAP ,1:44.912
7 ,53.355 ,1:45.405
19 ,68.288 ,1:45.581
77 ,68.792 ,1:45.644
33 ,95.884 ,1:46.027
55 ,103.666 ,1:47.757
5,0,1:44.699
26 ,1 LAP ,1:46.114
3 ,1 LAP ,1:47.324
44 ,9.757 ,1:44.536
6 ,15.653 ,1:43.966
8 ,1 LAP ,1:46.956
98 ,3 LAPS ,1:52.521
12 ,1 LAP ,1:44.452
11 ,1 LAP ,1:47.046
27 ,1 LAP ,1:45.558
7 ,54.069 ,1:45.413
19 ,69.607 ,1:46.018
77 ,69.880 ,1:45.787
33 ,97.007 ,1:45.822
5,0,1:44.715
55 ,1 LAP ,1:48.249
26 ,1 LAP ,1:46.182
3 ,1 LAP ,1:47.117
44 ,10.094 ,1:45.052
6 ,15.046 ,1:44.108
8 ,1 LAP ,1:47.614
12 ,1 LAP ,1:45.295
98 ,3 LAPS ,1:51.841
11 ,1 LAP ,1:47.461
27 ,1 LAP ,1:46.511
7 ,55.001 ,1:45.647
77 ,71.683 ,1:46.518
19 ,73.486 ,1:48.594
33 ,99.085 ,1:46.793
5 , 0 ,1:47.634
55 ,1 LAP ,1:47.242
26 ,1 LAP ,1:46.719
44 ,8.569 ,1:46.109
3 ,1 LAP ,1:51.259
6 ,12.310 ,1:44.898
8 ,1 LAP ,1:47.649
12 ,1 LAP ,1:45.666
98 ,3 LAPS ,1:49.739
11 ,1 LAP ,1:47.553
27 ,1 LAP ,1:47.604
7 ,53.822 ,1:46.455
77 ,70.409 ,1:46.360
19 ,73.586 ,1:47.734
33 ,97.762 ,1:46.311
