5 ,0,1:52.569
3 ,3.034 ,1:55.603
7 ,4.168 ,1:56.737
26 ,5.036 ,1:57.605
44 ,5.809 ,1:58.378
6 ,6.879 ,1:59.448
77 ,7.439 ,2:00.008
19 ,8.480 ,2:01.049
27 ,8.905 ,2:01.474
11 ,9.616 ,2:02.185
14 ,10.512 ,2:03.081
55 ,10.942 ,2:03.511
8 ,11.503 ,2:04.072
12 ,12.201 ,2:04.770
9 ,12.703 ,2:05.272
22 ,13.294 ,2:05.863
13 ,13.738 ,2:06.307
53 ,15.034 ,2:07.603
28 ,16.358 ,2:08.927
5 ,0,1:51.623
3 ,4.317 ,1:52.906
7 ,5.390 ,1:52.845
26 ,6.679 ,1:53.266
44 ,8.446 ,1:54.260
6 ,9.183 ,1:53.927
77 ,9.855 ,1:54.039
19 ,11.063 ,1:54.206
27 ,11.908 ,1:54.626
11 ,12.798 ,1:54.805
14 ,13.801 ,1:54.912
55 ,14.260 ,1:54.941
8 ,14.888 ,1:55.008
12 ,15.909 ,1:55.331
9 ,16.500 ,1:55.420
22 ,17.366 ,1:55.695
13 ,17.988 ,1:55.873
53 ,21.224 ,1:57.813
28 ,22.803 ,1:58.068
33 ,1 LAP ,4:17.359
5 ,0,1:52.242
3 ,4.716 ,1:52.641
7 ,5.900 ,1:52.752
26 ,7.257 ,1:52.820
44 ,9.608 ,1:53.404
6 ,11.078 ,1:54.137
77 ,11.736 ,1:54.123
19 ,12.830 ,1:54.009
27 ,13.781 ,1:54.115
11 ,14.753 ,1:54.197
14 ,16.169 ,1:54.610
55 ,16.906 ,1:54.888
8 ,17.511 ,1:54.865
12 ,18.586 ,1:54.919
9 ,19.188 ,1:54.930
22 ,20.179 ,1:55.055
13 ,20.666 ,1:54.920
53 ,26.773 ,1:57.791
28 ,28.409 ,1:57.848
33 ,1 LAP ,1:52.573
5 ,0,1:52.092
3 ,5.282 ,1:52.658
7 ,6.506 ,1:52.698
26 ,8.034 ,1:52.869
44 ,10.784 ,1:53.268
6 ,12.524 ,1:53.538
77 ,13.491 ,1:53.847
19 ,14.976 ,1:54.238
27 ,15.849 ,1:54.160
11 ,16.781 ,1:54.120
14 ,18.312 ,1:54.235
55 ,18.961 ,1:54.147
8 ,19.894 ,1:54.475
12 ,21.143 ,1:54.649
9 ,21.880 ,1:54.784
22 ,22.967 ,1:54.880
13 ,23.480 ,1:54.906
53 ,33.315 ,1:58.634
28 ,34.481 ,1:58.164
33 ,1 LAP ,1:53.365
5 ,0,1:52.354
3 ,5.363 ,1:52.435
7 ,6.795 ,1:52.643
26 ,8.802 ,1:53.122
44 ,11.019 ,1:52.589
6 ,13.703 ,1:53.533
77 ,14.842 ,1:53.705
19 ,16.482 ,1:53.860
27 ,17.598 ,1:54.103
11 ,18.415 ,1:53.988
14 ,20.271 ,1:54.313
55 ,21.009 ,1:54.402
8 ,21.844 ,1:54.304
12 ,23.605 ,1:54.816
9 ,24.334 ,1:54.808
22 ,25.401 ,1:54.788
13 ,26.465 ,1:55.339
33 ,1 LAP ,1:54.083
53 ,39.809 ,1:58.848
28 ,41.276 ,1:59.149
5 ,0,1:52.664
3 ,5.273 ,1:52.574
7 ,6.608 ,1:52.477
26 ,8.684 ,1:52.546
44 ,10.992 ,1:52.637
6 ,14.376 ,1:53.337
77 ,15.936 ,1:53.758
19 ,17.642 ,1:53.824
27 ,18.802 ,1:53.868
11 ,19.696 ,1:53.945
14 ,21.641 ,1:54.034
55 ,22.543 ,1:54.198
8 ,23.542 ,1:54.362
12 ,25.466 ,1:54.525
9 ,26.518 ,1:54.848
22 ,27.982 ,1:55.245
13 ,29.045 ,1:55.244
33 ,1 LAP ,1:53.226
53 ,44.865 ,1:57.720
28 ,46.959 ,1:58.347
5 ,0,1:52.639
3 ,5.290 ,1:52.656
7 ,6.932 ,1:52.963
26 ,9.191 ,1:53.146
44 ,11.484 ,1:53.131
6 ,15.337 ,1:53.600
77 ,16.989 ,1:53.692
19 ,18.989 ,1:53.986
27 ,20.191 ,1:54.028
11 ,21.165 ,1:54.108
14 ,23.116 ,1:54.114
55 ,23.927 ,1:54.023
8 ,25.078 ,1:54.175
12 ,27.229 ,1:54.402
9 ,28.501 ,1:54.622
22 ,30.155 ,1:54.812
13 ,31.213 ,1:54.807
33 ,1 LAP ,1:53.331
53 ,50.295 ,1:58.069
28 ,52.343 ,1:58.023
5 ,0,1:53.132
3 ,4.993 ,1:52.835
7 ,6.502 ,1:52.702
26 ,9.060 ,1:53.001
44 ,11.565 ,1:53.213
6 ,15.597 ,1:53.392
77 ,17.742 ,1:53.885
19 ,19.775 ,1:53.918
27 ,21.465 ,1:54.406
11 ,22.695 ,1:54.662
14 ,24.086 ,1:54.102
55 ,24.884 ,1:54.089
8 ,27.679 ,1:55.733
12 ,28.928 ,1:54.831
9 ,30.051 ,1:54.682
22 ,31.739 ,1:54.716
13 ,33.334 ,1:55.253
33 ,1 LAP ,1:53.239
53 ,54.946 ,1:57.783
28 ,57.238 ,1:58.027
5 ,0,1:52.729
3 ,4.710 ,1:52.446
7 ,6.523 ,1:52.750
26 ,9.501 ,1:53.170
44 ,11.952 ,1:53.116
6 ,16.038 ,1:53.170
77 ,18.545 ,1:53.532
19 ,20.791 ,1:53.745
27 ,22.860 ,1:54.124
11 ,24.548 ,1:54.582
14 ,25.712 ,1:54.355
55 ,26.512 ,1:54.357
12 ,30.988 ,1:54.789
9 ,31.666 ,1:54.344
22 ,33.664 ,1:54.654
13 ,34.768 ,1:54.163
8 ,PIT  ,2:01.706
33 ,1 LAP ,1:53.384
53 ,60.454 ,1:58.237
28 ,62.374 ,1:57.865
5 ,0,1:52.636
3 ,4.373 ,1:52.299
7 ,6.607 ,1:52.720
26 ,10.121 ,1:53.256
44 ,12.585 ,1:53.269
6 ,16.901 ,1:53.499
77 ,19.678 ,1:53.769
19 ,21.905 ,1:53.750
27 ,24.324 ,1:54.100
11 ,26.497 ,1:54.585
12 ,32.364 ,1:54.012
14 ,PIT  ,2:01.719
22 ,35.488 ,1:54.460
55 ,PIT  ,2:01.722
33 ,1 LAP ,1:53.763
9 ,PIT  ,2:02.422
13 ,PIT  ,2:01.831
8 ,59.847 ,2:15.827
53 ,66.015 ,1:58.197
28 ,68.063 ,1:58.325
5 ,0,1:52.711
3 ,4.169 ,1:52.507
7 ,6.657 ,1:52.761
26 ,10.717 ,1:53.307
44 ,12.923 ,1:53.049
6 ,17.752 ,1:53.562
77 ,20.666 ,1:53.699
19 ,23.216 ,1:54.022
11 ,27.829 ,1:54.043
27 ,PIT  ,2:01.166
12 ,33.533 ,1:53.880
22 ,37.064 ,1:54.287
33 ,1 LAP ,1:53.854
8 ,61.087 ,1:53.951
14 ,62.157 ,2:20.073
55 ,62.614 ,2:19.727
9 ,63.547 ,2:14.806
13 ,64.550 ,2:13.298
53 ,71.692 ,1:58.388
28 ,73.766 ,1:58.414
5 ,0,1:52.969
3 ,3.680 ,1:52.480
7 ,6.612 ,1:52.924
44 ,12.889 ,1:52.935
26 ,PIT  ,2:00.332
6 ,18.254 ,1:53.471
77 ,21.491 ,1:53.794
11 ,28.937 ,1:54.077
19 ,PIT  ,2:01.237
12 ,34.643 ,1:54.079
22 ,38.563 ,1:54.468
33 ,1 LAP ,1:54.147
27 ,53.068 ,2:13.258
8 ,62.104 ,1:53.986
14 ,63.792 ,1:54.604
55 ,64.412 ,1:54.767
13 ,65.564 ,1:53.983
9 ,74.363 ,2:03.785
53 ,77.552 ,1:58.829
28 ,79.760 ,1:58.963
5 ,PIT  ,2:08.101
3 ,PIT  ,2:09.718
7 ,PIT  ,2:12.457
44 ,PIT  ,2:12.183
6 ,PIT  ,2:15.119
77 ,PIT  ,2:16.399
11 ,PIT  ,2:19.304
26 ,45.195 ,2:35.216
12 ,PIT  ,2:22.499
22 ,PIT  ,2:22.090
33 ,PIT  ,2:23.070
19 ,68.754 ,2:45.371
8 ,80.532 ,2:26.529
14 ,81.995 ,2:26.304
55 ,82.806 ,2:26.495
13 ,83.999 ,2:26.536
9 ,95.949 ,2:29.687
28 ,102.680 ,2:31.021
53 ,PIT  ,2:36.690
5 ,0,2:48.222
3 ,6.301 ,2:49.226
7 ,10.390 ,2:47.644
44 ,14.779 ,2:46.030
6 ,24.541 ,2:47.491
26 ,26.715 ,2:29.742
77 ,27.205 ,2:45.638
11 ,38.371 ,2:46.453
12 ,46.933 ,2:46.114
19 ,PIT  ,2:35.737
33 ,1 LAP ,2:48.055
8 ,61.319 ,2:29.009
14 ,62.857 ,2:29.084
55 ,63.363 ,2:28.779
13 ,64.530 ,2:28.753
9 ,74.467 ,2:26.740
22 ,88.026 ,3:23.696
28 ,PIT  ,2:35.605
53 ,106.793 ,2:48.874
5 ,0,2:29.147
3 ,6.148 ,2:28.994
7 ,9.617 ,2:28.374
44 ,15.447 ,2:29.815
6 ,25.403 ,2:30.009
26 ,26.649 ,2:29.081
77 ,27.777 ,2:29.719
11 ,35.714 ,2:26.490
12 ,47.586 ,2:29.800
33 ,1 LAP ,2:28.801
8 ,60.712 ,2:28.540
14 ,63.234 ,2:29.524
55 ,63.996 ,2:29.780
13 ,64.951 ,2:29.568
19 ,72.696 ,2:45.574
9 ,75.441 ,2:30.121
22 ,87.634 ,2:28.755
53 ,107.204 ,2:29.558
28 ,108.467 ,2:47.551
5 ,0,2:52.733
3 ,1.765 ,2:48.350
7 ,2.718 ,2:45.834
44 ,4.681 ,2:41.967
6 ,6.096 ,2:33.426
26 ,7.221 ,2:33.305
77 ,7.959 ,2:32.915
11 ,11.574 ,2:28.593
12 ,21.425 ,2:26.572
33 ,1 LAP ,2:28.928
8 ,37.240 ,2:29.261
14 ,39.059 ,2:28.558
55 ,39.929 ,2:28.666
13 ,40.771 ,2:28.553
19 ,50.421 ,2:30.458
9 ,52.552 ,2:29.844
22 ,63.762 ,2:28.861
53 ,82.802 ,2:28.331
28 ,83.829 ,2:28.095
33 ,150.770 ,1:58.155
5 ,0,2:47.639
3 ,1.102 ,2:46.976
7 ,2.165 ,2:47.086
44 ,2.998 ,2:45.956
6 ,4.588 ,2:46.131
26 ,5.577 ,2:45.995
77 ,6.353 ,2:46.033
11 ,6.915 ,2:42.980
12 ,8.726 ,2:34.940
8 ,9.450 ,2:19.849
14 ,11.652 ,2:20.232
55 ,12.734 ,2:20.444
13 ,13.490 ,2:20.358
19 ,14.980 ,2:12.198
9 ,16.003 ,2:11.090
22 ,20.868 ,2:04.745
53 ,35.922 ,2:00.759
28 ,37.010 ,2:00.820
33 ,95.389 ,1:52.258
5 ,0,2:41.692
3 ,0.672 ,2:41.262
7 ,1.434 ,2:40.961
44 ,2.180 ,2:40.874
6 ,2.835 ,2:39.939
26 ,3.292 ,2:39.407
77 ,3.809 ,2:39.148
11 ,4.690 ,2:39.467
12 ,5.282 ,2:38.248
8 ,5.658 ,2:37.900
14 ,6.470 ,2:36.510
13 ,10.433 ,2:38.635
19 ,11.023 ,2:37.735
9 ,11.586 ,2:37.275
22 ,11.955 ,2:32.779
53 ,12.419 ,2:18.189
28 ,12.939 ,2:17.621
55 ,13.950 ,2:42.908
33 ,45.448 ,1:51.751
5 ,0,1:52.265
3 ,0.886 ,1:52.479
7 ,1.665 ,1:52.496
44 ,3.255 ,1:53.340
6 ,4.324 ,1:53.754
26 ,4.802 ,1:53.775
77 ,5.874 ,1:54.330
11 ,6.827 ,1:54.402
12 ,8.201 ,1:55.184
8 ,8.541 ,1:55.148
14 ,9.658 ,1:55.453
13 ,11.011 ,1:52.843
19 ,12.424 ,1:53.666
9 ,14.874 ,1:55.553
22 ,15.210 ,1:55.520
53 ,17.390 ,1:57.236
55 ,17.716 ,1:56.031
28 ,19.374 ,1:58.700
33 ,45.094 ,1:51.911
5 ,0,1:52.463
3 ,0.900 ,1:52.477
7 ,1.671 ,1:52.469
44 ,3.477 ,1:52.685
6 ,4.592 ,1:52.731
26 ,5.242 ,1:52.903
77 ,6.420 ,1:53.009
11 ,7.825 ,1:53.461
12 ,9.658 ,1:53.920
8 ,10.637 ,1:54.559
14 ,11.762 ,1:54.567
13 ,12.513 ,1:53.965
19 ,14.043 ,1:54.082
9 ,18.615 ,1:56.204
22 ,19.484 ,1:56.737
55 ,20.067 ,1:54.814
53 ,23.154 ,1:58.227
28 ,24.877 ,1:57.966
33 ,44.830 ,1:52.199
5 ,0,1:52.414
3 ,0.879 ,1:52.393
7 ,1.828 ,1:52.571
44 ,4.014 ,1:52.951
6 ,5.476 ,1:53.298
26 ,6.068 ,1:53.240
77 ,7.014 ,1:53.008
11 ,8.688 ,1:53.277
12 ,11.325 ,1:54.081
8 ,12.497 ,1:54.274
14 ,13.748 ,1:54.400
13 ,14.377 ,1:54.278
19 ,15.514 ,1:53.885
9 ,20.176 ,1:53.975
22 ,20.975 ,1:53.905
55 ,22.022 ,1:54.369
53 ,28.258 ,1:57.518
28 ,30.085 ,1:57.622
33 ,44.364 ,1:51.948
5 ,0,1:52.734
3 ,0.642 ,1:52.497
7 ,1.456 ,1:52.362
44 ,4.015 ,1:52.735
6 ,5.859 ,1:53.117
26 ,6.487 ,1:53.153
77 ,7.497 ,1:53.217
11 ,9.017 ,1:53.063
12 ,12.102 ,1:53.511
8 ,13.799 ,1:54.036
14 ,15.375 ,1:54.361
13 ,16.029 ,1:54.386
19 ,17.283 ,1:54.503
9 ,21.623 ,1:54.181
22 ,22.525 ,1:54.284
55 ,23.185 ,1:53.897
53 ,32.849 ,1:57.325
28 ,34.959 ,1:57.608
33 ,43.583 ,1:51.953
5 ,0,1:52.592
3 ,0.918 ,1:52.868
7 ,1.688 ,1:52.824
44 ,4.124 ,1:52.701
6 ,6.288 ,1:53.021
26 ,6.913 ,1:53.018
77 ,8.179 ,1:53.274
11 ,9.890 ,1:53.465
12 ,13.323 ,1:53.813
8 ,15.010 ,1:53.803
14 ,16.622 ,1:53.839
13 ,17.607 ,1:54.170
19 ,19.029 ,1:54.338
9 ,23.308 ,1:54.277
22 ,24.317 ,1:54.384
55 ,25.068 ,1:54.475
53 ,37.282 ,1:57.025
28 ,39.980 ,1:57.613
33 ,43.152 ,1:52.161
5 ,0,1:52.967
3 ,0.915 ,1:52.964
7 ,1.920 ,1:53.199
44 ,3.662 ,1:52.505
6 ,6.128 ,1:52.807
26 ,6.817 ,1:52.871
77 ,8.260 ,1:53.048
11 ,10.605 ,1:53.682
12 ,13.948 ,1:53.592
8 ,15.837 ,1:53.794
14 ,18.248 ,1:54.593
13 ,18.929 ,1:54.289
19 ,20.212 ,1:54.150
9 ,24.453 ,1:54.112
22 ,25.412 ,1:54.062
55 ,26.348 ,1:54.247
53 ,41.772 ,1:57.457
33 ,43.594 ,1:53.409
28 ,45.655 ,1:58.642
5 ,0,1:52.943
3 ,0.853 ,1:52.881
7 ,1.691 ,1:52.714
44 ,3.523 ,1:52.804
6 ,6.197 ,1:53.012
26 ,6.915 ,1:53.041
77 ,8.581 ,1:53.264
11 ,11.401 ,1:53.739
12 ,14.785 ,1:53.780
8 ,17.080 ,1:54.186
14 ,19.145 ,1:53.840
13 ,20.223 ,1:54.237
19 ,21.587 ,1:54.318
9 ,25.241 ,1:53.731
22 ,26.490 ,1:54.021
55 ,27.448 ,1:54.043
33 ,44.053 ,1:53.402
53 ,47.997 ,1:59.168
28 ,50.556 ,1:57.844
5 ,0,1:53.193
3 ,0.869 ,1:53.209
7 ,1.764 ,1:53.266
44 ,5.502 ,1:55.172
6 ,6.363 ,1:53.359
26 ,7.372 ,1:53.650
77 ,8.713 ,1:53.325
11 ,11.754 ,1:53.546
12 ,15.863 ,1:54.271
14 ,19.849 ,1:53.897
13 ,21.200 ,1:54.170
19 ,22.575 ,1:54.181
8 ,PIT  ,2:00.860
9 ,26.533 ,1:54.485
22 ,27.630 ,1:54.333
55 ,28.583 ,1:54.328
33 ,43.299 ,1:52.439
53 ,52.302 ,1:57.498
28 ,55.566 ,1:58.203
5 ,0,1:50.520
3 ,2.873 ,1:52.524
7 ,3.949 ,1:52.705
6 ,9.787 ,1:53.944
26 ,11.062 ,1:54.210
77 ,12.286 ,1:54.093
11 ,16.274 ,1:55.040
44 ,18.562 ,2:03.580
12 ,19.721 ,1:54.378
14 ,22.654 ,1:53.325
19 ,26.275 ,1:54.220
9 ,30.698 ,1:54.685
13 ,PIT  ,2:00.806
22 ,31.614 ,1:54.504
55 ,32.979 ,1:54.916
33 ,45.622 ,1:52.843
8 ,47.454 ,2:13.227
53 ,59.243 ,1:57.461
28 ,63.201 ,1:58.155
5 ,0,1:50.904
3 ,3.529 ,1:51.560
7 ,5.173 ,1:52.128
6 ,11.098 ,1:52.215
26 ,12.993 ,1:52.835
77 ,14.615 ,1:53.233
11 ,19.064 ,1:53.694
12 ,24.111 ,1:55.294
14 ,25.620 ,1:53.870
44 ,32.627 ,2:04.969
22 ,35.800 ,1:55.090
19 ,37.674 ,2:02.303
9 ,PIT  ,2:03.393
55 ,PIT  ,2:02.284
33 ,47.340 ,1:52.622
8 ,48.903 ,1:52.353
13 ,52.768 ,2:12.186
53 ,65.450 ,1:57.111
28 ,70.263 ,1:57.966
5 ,0,1:50.799
3 ,4.076 ,1:51.346
7 ,6.323 ,1:51.949
6 ,12.759 ,1:52.460
26 ,15.221 ,1:53.027
77 ,16.750 ,1:52.934
11 ,22.042 ,1:53.777
12 ,27.263 ,1:53.951
14 ,28.926 ,1:54.105
22 ,38.406 ,1:53.405
44 ,46.455 ,2:04.627
33 ,49.369 ,1:52.828
8 ,50.636 ,1:52.532
13 ,54.277 ,1:52.308
19 ,PIT  ,2:08.568
9 ,64.918 ,2:12.530
55 ,65.873 ,2:12.313
53 ,72.613 ,1:57.962
28 ,77.181 ,1:57.717
5 ,0,1:50.916
3 ,4.021 ,1:50.861
7 ,6.881 ,1:51.474
6 ,14.481 ,1:52.638
26 ,16.905 ,1:52.600
77 ,18.977 ,1:53.143
11 ,24.664 ,1:53.538
12 ,30.459 ,1:54.112
14 ,31.894 ,1:53.884
22 ,40.999 ,1:53.509
33 ,52.096 ,1:53.643
8 ,53.027 ,1:53.307
13 ,56.877 ,1:53.516
44 ,60.579 ,2:05.040
9 ,65.596 ,1:51.594
55 ,66.453 ,1:51.496
53 ,79.535 ,1:57.838
28 ,84.337 ,1:58.072
5 ,0,1:50.641
19 ,PIT  ,2:46.686
3 ,4.237 ,1:50.857
7 ,7.871 ,1:51.631
6 ,16.685 ,1:52.845
26 ,19.207 ,1:52.943
77 ,21.427 ,1:53.091
11 ,27.563 ,1:53.540
12 ,33.775 ,1:53.957
14 ,35.366 ,1:54.113
22 ,43.917 ,1:53.559
33 ,54.425 ,1:52.970
8 ,55.279 ,1:52.893
13 ,59.014 ,1:52.778
9 ,67.821 ,1:52.866
55 ,68.249 ,1:52.437
44 ,76.204 ,2:06.266
53 ,86.435 ,1:57.541
28 ,91.524 ,1:57.828
5 ,0,1:50.875
3 ,4.328 ,1:50.966
7 ,8.471 ,1:51.475
6 ,18.163 ,1:52.353
26 ,21.255 ,1:52.923
77 ,24.151 ,1:53.599
11 ,30.404 ,1:53.716
12 ,36.829 ,1:53.929
14 ,39.252 ,1:54.761
22 ,46.460 ,1:53.418
33 ,56.530 ,1:52.980
8 ,57.235 ,1:52.831
13 ,61.278 ,1:53.139
9 ,70.112 ,1:53.166
55 ,70.627 ,1:53.253
53 ,93.823 ,1:58.263
28 ,99.056 ,1:58.407
44 ,PIT  ,2:19.201
5 ,0,1:51.524
3 ,4.199 ,1:51.395
7 ,9.105 ,1:52.158
6 ,19.448 ,1:52.809
77 ,26.081 ,1:53.454
26 ,PIT  ,1:59.845
11 ,32.897 ,1:54.017
12 ,39.137 ,1:53.832
22 ,48.861 ,1:53.925
14 ,PIT  ,2:05.896
33 ,58.641 ,1:53.635
8 ,59.545 ,1:53.834
13 ,63.135 ,1:53.381
9 ,71.013 ,1:52.425
55 ,71.997 ,1:52.894
53 ,100.595 ,1:58.296
28 ,106.021 ,1:58.489
5 ,0,1:51.587
3 ,4.243 ,1:51.631
7 ,9.922 ,1:52.404
6 ,20.530 ,1:52.669
77 ,27.391 ,1:52.897
11 ,PIT  ,2:00.891
12 ,PIT  ,2:02.248
22 ,51.325 ,1:54.051
26 ,53.285 ,2:15.296
33 ,60.666 ,1:53.612
8 ,61.700 ,1:53.742
13 ,64.945 ,1:53.397
9 ,71.673 ,1:52.247
55 ,72.832 ,1:52.422
53 ,106.760 ,1:57.752
5 ,0,1:51.793
28 ,1 LAP ,2:00.121
3 ,4.036 ,1:51.586
7 ,10.412 ,1:52.283
6 ,21.617 ,1:52.880
77 ,28.763 ,1:53.165
22 ,52.872 ,1:53.340
26 ,53.125 ,1:51.633
33 ,62.453 ,1:53.580
11 ,63.453 ,2:13.045
8 ,64.594 ,1:54.687
13 ,67.257 ,1:54.105
12 ,72.013 ,2:14.008
9 ,73.703 ,1:53.823
55 ,74.397 ,1:53.358
5 ,0,1:51.899
53 ,1 LAP ,1:59.486
3 ,4.085 ,1:51.948
28 ,1 LAP ,1:59.639
7 ,11.413 ,1:52.900
6 ,22.700 ,1:52.982
77 ,30.475 ,1:53.611
26 ,52.335 ,1:51.109
22 ,55.989 ,1:55.016
11 ,65.402 ,1:53.848
8 ,66.502 ,1:53.807
13 ,69.450 ,1:54.092
33 ,PIT  ,2:01.800
12 ,72.680 ,1:52.566
55 ,76.218 ,1:53.720
9 ,PIT  ,2:00.858
5 ,PIT  ,2:08.617
3 ,PIT  ,2:10.595
53 ,PIT  ,2:18.473
28 ,1 LAP ,2:12.633
7 ,PIT  ,2:13.435
6 ,PIT  ,2:15.675
77 ,PIT  ,2:19.016
26 ,62.820 ,2:19.102
22 ,PIT  ,2:27.811
11 ,81.847 ,2:25.062
8 ,84.677 ,2:26.792
13 ,87.798 ,2:26.965
12 ,93.968 ,2:29.905
55 ,PIT  ,2:34.899
33 ,112.237 ,2:48.500
9 ,120.386 ,2:46.341
28 ,PIT  ,2:35.514
5 ,0,3:07.834
3 ,0.795 ,3:02.566
53 ,1 LAP ,2:57.175
7 ,3.079 ,2:54.682
6 ,8.466 ,2:46.542
77 ,19.098 ,2:46.058
26 ,25.264 ,2:30.278
11 ,42.479 ,2:28.466
8 ,45.456 ,2:28.613
13 ,47.747 ,2:27.783
22 ,56.271 ,2:48.922
12 ,56.576 ,2:30.442
33 ,72.607 ,2:28.204
55 ,80.743 ,2:46.077
9 ,82.366 ,2:29.814
5 ,0,2:42.180
3 ,0.879 ,2:42.264
53 ,1 LAP ,2:41.834
7 ,2.599 ,2:41.700
6 ,3.717 ,2:37.431
28 ,1 LAP ,3:04.451
77 ,5.498 ,2:28.580
26 ,6.589 ,2:23.505
11 ,7.733 ,2:07.434
8 ,9.190 ,2:05.914
13 ,10.040 ,2:04.473
22 ,20.367 ,2:06.276
12 ,21.923 ,2:07.527
33 ,27.006 ,1:56.579
55 ,34.189 ,1:55.626
9 ,39.818 ,1:59.632
5 ,0,2:46.351
3 ,1.018 ,2:46.490
53 ,1 LAP ,2:47.481
7 ,2.848 ,2:46.600
6 ,3.354 ,2:45.988
77 ,4.860 ,2:45.713
26 ,5.447 ,2:45.209
11 ,5.685 ,2:44.303
28 ,1 LAP ,2:47.590
8 ,6.212 ,2:43.373
13 ,6.671 ,2:42.982
22 ,7.473 ,2:33.457
12 ,8.088 ,2:32.516
33 ,8.379 ,2:27.724
55 ,8.691 ,2:20.853
9 ,9.437 ,2:15.970
5 ,0,1:51.473
3 ,2.241 ,1:52.696
7 ,3.507 ,1:52.132
6 ,4.655 ,1:52.774
77 ,6.334 ,1:52.947
26 ,7.329 ,1:53.355
11 ,8.584 ,1:54.372
8 ,11.529 ,1:56.790
13 ,13.906 ,1:58.708
33 ,15.236 ,1:58.330
53 ,1 LAP ,2:04.888
12 ,16.193 ,1:59.578
55 ,16.357 ,1:59.139
9 ,17.035 ,1:59.071
28 ,1 LAP ,2:03.849
22 ,PIT  ,2:06.524
5 ,0,1:51.510
3 ,2.547 ,1:51.816
7 ,3.735 ,1:51.738
6 ,4.905 ,1:51.760
77 ,6.829 ,1:52.005
26 ,7.841 ,1:52.022
11 ,9.129 ,1:52.055
8 ,12.708 ,1:52.689
33 ,17.277 ,1:53.551
55 ,18.421 ,1:53.574
13 ,19.115 ,1:56.719
12 ,19.976 ,1:55.293
9 ,20.656 ,1:55.131
53 ,1 LAP ,1:58.172
28 ,1 LAP ,1:57.384
22 ,50.873 ,2:19.859
5 ,0,1:51.063
3 ,2.595 ,1:51.111
7 ,4.214 ,1:51.542
6 ,5.292 ,1:51.450
77 ,7.338 ,1:51.572
26 ,8.435 ,1:51.657
11 ,10.217 ,1:52.151
8 ,14.630 ,1:52.985
33 ,16.512 ,1:50.298
55 ,17.759 ,1:50.401
13 ,22.908 ,1:54.856
12 ,23.628 ,1:54.715
9 ,24.235 ,1:54.642
53 ,1 LAP ,1:55.692
28 ,1 LAP ,1:56.171
22 ,50.977 ,1:51.167
5 ,0,1:50.787
3 ,2.960 ,1:51.152
7 ,4.678 ,1:51.251
6 ,5.924 ,1:51.419
77 ,8.130 ,1:51.579
26 ,9.727 ,1:52.079
11 ,11.400 ,1:51.970
8 ,16.620 ,1:52.777
33 ,17.110 ,1:51.385
55 ,17.838 ,1:50.866
13 ,25.751 ,1:53.630
12 ,26.998 ,1:54.157
9 ,27.667 ,1:54.219
53 ,1 LAP ,1:55.312
28 ,1 LAP ,1:56.103
22 ,52.109 ,1:51.919
5 ,0,1:50.733
3 ,2.818 ,1:50.591
7 ,4.993 ,1:51.048
6 ,6.735 ,1:51.544
77 ,9.143 ,1:51.746
26 ,10.693 ,1:51.699
11 ,12.649 ,1:51.982
8 ,19.303 ,1:53.416
33 ,19.702 ,1:53.325
55 ,20.084 ,1:52.979
13 ,28.400 ,1:53.382
12 ,29.864 ,1:53.599
9 ,30.674 ,1:53.740
53 ,1 LAP ,1:55.384
28 ,1 LAP ,1:56.256
22 ,53.466 ,1:52.090
5 ,0,1:50.352
3 ,3.024 ,1:50.558
7 ,5.640 ,1:50.999
6 ,7.875 ,1:51.492
77 ,10.271 ,1:51.480
26 ,12.308 ,1:51.967
11 ,14.819 ,1:52.522
33 ,22.036 ,1:52.686
8 ,23.995 ,1:55.044
55 ,24.246 ,1:54.514
13 ,31.746 ,1:53.698
12 ,32.900 ,1:53.388
9 ,33.827 ,1:53.505
53 ,1 LAP ,1:55.613
28 ,1 LAP ,1:55.890
22 ,54.771 ,1:51.657
5 ,0,1:50.186
3 ,3.142 ,1:50.304
7 ,6.416 ,1:50.962
6 ,9.444 ,1:51.755
77 ,11.848 ,1:51.763
26 ,13.669 ,1:51.547
11 ,16.876 ,1:52.243
33 ,22.542 ,1:50.692
55 ,26.115 ,1:52.055
8 ,29.956 ,1:56.147
13 ,35.943 ,1:54.383
12 ,36.816 ,1:54.102
9 ,37.513 ,1:53.872
53 ,1 LAP ,1:56.054
28 ,1 LAP ,1:56.405
22 ,56.262 ,1:51.677
5 ,0,1:50.304
3 ,3.138 ,1:50.300
7 ,6.453 ,1:50.341
6 ,10.689 ,1:51.549
77 ,13.206 ,1:51.662
26 ,15.497 ,1:52.132
11 ,18.816 ,1:52.244
33 ,22.883 ,1:50.645
55 ,26.659 ,1:50.848
8 ,34.365 ,1:54.713
13 ,39.923 ,1:54.284
12 ,40.767 ,1:54.255
9 ,41.519 ,1:54.310
53 ,1 LAP ,1:56.115
22 ,58.168 ,1:52.210
28 ,1 LAP ,1:57.507
5 ,0,1:50.320
3 ,2.936 ,1:50.118
7 ,6.933 ,1:50.800
6 ,11.624 ,1:51.255
77 ,14.228 ,1:51.342
26 ,16.662 ,1:51.485
11 ,20.807 ,1:52.311
33 ,23.460 ,1:50.897
55 ,27.514 ,1:51.175
8 ,37.903 ,1:53.858
13 ,43.715 ,1:54.112
12 ,45.027 ,1:54.580
9 ,45.821 ,1:54.622
53 ,1 LAP ,1:56.310
22 ,60.245 ,1:52.397
28 ,1 LAP ,1:57.166
5 ,0,1:50.271
3 ,2.923 ,1:50.258
7 ,7.230 ,1:50.568
6 ,12.287 ,1:50.934
77 ,15.692 ,1:51.735
26 ,17.908 ,1:51.517
11 ,22.808 ,1:52.272
33 ,24.352 ,1:51.163
55 ,28.090 ,1:50.847
8 ,41.995 ,1:54.363
13 ,47.949 ,1:54.505
12 ,48.887 ,1:54.131
9 ,49.941 ,1:54.391
22 ,63.173 ,1:53.199
53 ,1 LAP ,1:57.687
28 ,1 LAP ,1:57.476
5 ,0,1:50.075
3 ,3.022 ,1:50.174
7 ,8.099 ,1:50.944
6 ,13.388 ,1:51.176
77 ,17.634 ,1:52.017
26 ,19.807 ,1:51.974
11 ,25.291 ,1:52.558
33 ,25.823 ,1:51.546
55 ,28.996 ,1:50.981
8 ,46.456 ,1:54.536
13 ,52.422 ,1:54.548
12 ,53.202 ,1:54.390
9 ,54.167 ,1:54.301
22 ,65.680 ,1:52.582
53 ,1 LAP ,1:55.851
28 ,1 LAP ,1:57.151
5 ,0,1:50.319
3 ,2.744 ,1:50.041
7 ,8.637 ,1:50.857
6 ,14.222 ,1:51.153
77 ,19.597 ,1:52.282
26 ,21.898 ,1:52.410
11 ,27.979 ,1:53.007
33 ,28.352 ,1:52.848
55 ,30.272 ,1:51.595
8 ,50.259 ,1:54.122
13 ,56.858 ,1:54.755
12 ,57.492 ,1:54.609
9 ,58.228 ,1:54.380
53 ,1 LAP ,1:56.168
28 ,1 LAP ,1:57.085
22 ,PIT  ,2:19.691
5 ,0,1:50.069
3 ,2.915 ,1:50.240
7 ,9.724 ,1:51.156
6 ,15.493 ,1:51.340
77 ,21.559 ,1:52.031
26 ,23.630 ,1:51.801
11 ,30.703 ,1:52.793
33 ,31.448 ,1:53.165
55 ,32.097 ,1:51.894
8 ,54.824 ,1:54.634
13 ,61.944 ,1:55.155
12 ,62.372 ,1:54.949
9 ,62.857 ,1:54.698
53 ,1 LAP ,1:55.722
28 ,1 LAP ,1:56.726
5 ,0,1:50.267
3 ,3.146 ,1:50.498
7 ,10.525 ,1:51.068
6 ,17.018 ,1:51.792
77 ,23.483 ,1:52.191
26 ,25.862 ,1:52.499
11 ,33.552 ,1:53.116
33 ,34.012 ,1:52.831
55 ,35.093 ,1:53.263
8 ,60.028 ,1:55.471
12 ,67.132 ,1:55.027
9 ,69.285 ,1:56.695
13 ,PIT  ,2:06.560
53 ,1 LAP ,1:56.529
28 ,1 LAP ,1:56.957
5 ,0,1:50.393
3 ,3.447 ,1:50.694
7 ,11.402 ,1:51.270
6 ,18.447 ,1:51.822
77 ,25.833 ,1:52.743
26 ,28.260 ,1:52.791
11 ,36.628 ,1:53.469
33 ,37.082 ,1:53.463
55 ,38.019 ,1:53.319
8 ,65.217 ,1:55.582
12 ,69.409 ,1:52.670
9 ,72.820 ,1:53.928
53 ,1 LAP ,1:56.245
13 ,99.617 ,2:11.773
28 ,1 LAP ,1:57.447
5 ,0,1:50.989
3 ,3.337 ,1:50.879
7 ,11.576 ,1:51.163
6 ,19.673 ,1:52.215
77 ,27.312 ,1:52.468
26 ,29.175 ,1:51.904
11 ,39.017 ,1:53.378
33 ,39.430 ,1:53.337
55 ,40.413 ,1:53.383
8 ,70.227 ,1:55.999
12 ,71.874 ,1:53.454
9 ,78.446 ,1:56.615
13 ,99.615 ,1:50.987
53 ,1 LAP ,1:57.408
5 ,0,1:50.939
3 ,3.812 ,1:51.414
28 ,2 LAPS ,2:01.278
7 ,12.383 ,1:51.746
6 ,20.983 ,1:52.249
77 ,28.352 ,1:51.979
26 ,30.623 ,1:52.387
11 ,41.373 ,1:53.295
33 ,41.817 ,1:53.326
55 ,42.848 ,1:53.374
8 ,75.588 ,1:56.300
12 ,76.005 ,1:55.070
9 ,82.414 ,1:54.907
13 ,98.851 ,1:50.175
53 ,1 LAP ,1:57.328
5 ,0,1:51.053
3 ,3.391 ,1:50.632
7 ,13.177 ,1:51.847
28 ,2 LAPS ,1:59.553
6 ,21.855 ,1:51.925
77 ,29.300 ,1:52.001
26 ,32.473 ,1:52.903
11 ,43.815 ,1:53.495
33 ,44.234 ,1:53.470
55 ,45.004 ,1:53.209
8 ,81.563 ,1:57.028
12 ,81.901 ,1:56.949
9 ,85.928 ,1:54.567
13 ,98.159 ,1:50.361
5 ,0,1:51.273
3 ,3.942 ,1:51.824
53 ,2 LAPS ,2:00.017
7 ,13.779 ,1:51.875
28 ,2 LAPS ,1:57.126
6 ,23.012 ,1:52.430
77 ,30.559 ,1:52.532
26 ,33.905 ,1:52.705
11 ,46.308 ,1:53.766
33 ,46.776 ,1:53.815
55 ,47.497 ,1:53.766
12 ,85.598 ,1:54.970
9 ,91.340 ,1:56.685
13 ,98.041 ,1:51.155
8 ,PIT  ,2:09.352
5 ,0,1:51.278
3 ,3.414 ,1:50.750
53 ,2 LAPS ,1:57.391
7 ,15.099 ,1:52.598
6 ,24.619 ,1:52.885
28 ,2 LAPS ,1:58.963
77 ,32.225 ,1:52.944
26 ,35.217 ,1:52.590
11 ,49.094 ,1:54.064
33 ,49.540 ,1:54.042
55 ,50.303 ,1:54.084
12 ,87.284 ,1:52.964
9 ,95.020 ,1:54.958
13 ,97.832 ,1:51.069
5 ,0,1:52.559
3 ,1.478 ,1:50.623
7 ,17.154 ,1:54.614
53 ,2 LAPS ,1:58.589
6 ,24.720 ,1:52.660
28 ,2 LAPS ,1:57.615
77 ,34.204 ,1:54.538
26 ,35.508 ,1:52.850
11 ,50.836 ,1:54.301
33 ,51.450 ,1:54.469
55 ,52.860 ,1:55.116
12 ,90.045 ,1:55.320
9 ,97.507 ,1:55.046
13 ,97.718 ,1:52.445
