6 ,0,1:27.651
44 ,0.633 ,1:28.284
26 ,1.769 ,1:29.420
3 ,3.474 ,1:31.125
77 ,4.927 ,1:32.578
33 ,5.686 ,1:33.337
19 ,6.303 ,1:33.954
11 ,7.241 ,1:34.892
27 ,7.569 ,1:35.220
55 ,8.144 ,1:35.795
13 ,9.094 ,1:36.745
8 ,9.556 ,1:37.207
9 ,10.082 ,1:37.733
12 ,10.643 ,1:38.294
53 ,11.509 ,1:39.160
7 ,12.087 ,1:39.738
22 ,12.634 ,1:40.285
28 ,13.997 ,1:41.648
5 ,PIT  ,1:51.880
14 ,PIT  ,1:58.053
6 ,0,1:25.195
44 ,1.306 ,1:25.868
26 ,3.046 ,1:26.472
3 ,4.345 ,1:26.066
77 ,5.795 ,1:26.063
33 ,7.006 ,1:26.515
19 ,7.661 ,1:26.553
11 ,8.723 ,1:26.677
27 ,9.291 ,1:26.917
55 ,9.766 ,1:26.817
13 ,10.797 ,1:26.898
8 ,11.882 ,1:27.521
9 ,12.727 ,1:27.840
12 ,13.464 ,1:28.016
7 ,14.079 ,1:27.187
22 ,16.137 ,1:28.698
53 ,16.706 ,1:30.392
28 ,18.925 ,1:30.123
5 ,50.549 ,1:51.515
6 ,0,1:25.292
44 ,1.227 ,1:25.213
26 ,3.395 ,1:25.641
3 ,5.191 ,1:26.138
77 ,5.945 ,1:25.442
33 ,7.561 ,1:25.847
19 ,8.320 ,1:25.951
11 ,9.640 ,1:26.209
27 ,10.486 ,1:26.487
55 ,10.794 ,1:26.320
13 ,11.972 ,1:26.467
8 ,13.151 ,1:26.561
9 ,14.496 ,1:27.061
12 ,15.361 ,1:27.189
7 ,15.963 ,1:27.176
22 ,18.876 ,1:28.031
53 ,20.517 ,1:29.103
28 ,22.984 ,1:29.351
5 ,50.263 ,1:25.006
6 ,0,1:25.129
44 ,0.987 ,1:24.889
26 ,3.524 ,1:25.258
3 ,5.867 ,1:25.805
77 ,6.876 ,1:26.060
33 ,8.184 ,1:25.752
19 ,8.956 ,1:25.765
11 ,10.755 ,1:26.244
55 ,11.359 ,1:25.694
27 ,12.262 ,1:26.905
13 ,12.923 ,1:26.080
8 ,14.056 ,1:26.034
9 ,16.092 ,1:26.725
12 ,16.819 ,1:26.587
7 ,17.516 ,1:26.682
22 ,21.057 ,1:27.310
53 ,24.265 ,1:28.877
28 ,26.199 ,1:28.344
5 ,49.898 ,1:24.764
6 ,0,1:24.369
44 ,1.301 ,1:24.683
26 ,4.481 ,1:25.326
3 ,7.257 ,1:25.759
77 ,8.344 ,1:25.837
33 ,9.569 ,1:25.754
19 ,10.544 ,1:25.957
11 ,12.339 ,1:25.953
55 ,12.905 ,1:25.915
27 ,13.808 ,1:25.915
13 ,14.939 ,1:26.385
8 ,16.004 ,1:26.317
9 ,18.188 ,1:26.465
12 ,19.130 ,1:26.680
7 ,19.729 ,1:26.582
22 ,24.593 ,1:27.905
53 ,28.900 ,1:29.004
28 ,30.289 ,1:28.459
5 ,50.274 ,1:24.745
6 ,0,1:24.599
44 ,1.015 ,1:24.313
26 ,5.095 ,1:25.213
3 ,8.460 ,1:25.802
77 ,9.533 ,1:25.788
33 ,10.799 ,1:25.829
19 ,12.107 ,1:26.162
11 ,13.472 ,1:25.732
55 ,14.100 ,1:25.794
27 ,15.203 ,1:25.994
13 ,16.607 ,1:26.267
8 ,17.768 ,1:26.363
9 ,20.725 ,1:27.136
7 ,21.475 ,1:26.345
12 ,22.068 ,1:27.537
22 ,27.032 ,1:27.038
53 ,32.868 ,1:28.567
28 ,33.889 ,1:28.199
5 ,50.168 ,1:24.493
6 ,0,1:24.349
44 ,1.384 ,1:24.718
26 ,6.241 ,1:25.495
3 ,9.520 ,1:25.409
77 ,10.977 ,1:25.793
33 ,12.246 ,1:25.796
19 ,13.850 ,1:26.092
11 ,15.161 ,1:26.038
55 ,16.713 ,1:26.962
27 ,17.736 ,1:26.882
13 ,19.070 ,1:26.812
8 ,20.521 ,1:27.102
7 ,23.541 ,1:26.415
9 ,24.517 ,1:28.141
12 ,25.167 ,1:27.448
22 ,29.303 ,1:26.620
53 ,37.080 ,1:28.561
28 ,38.151 ,1:28.611
5 ,50.556 ,1:24.737
6 ,0,1:24.501
44 ,1.966 ,1:25.083
26 ,6.874 ,1:25.134
3 ,10.579 ,1:25.560
33 ,13.303 ,1:25.558
77 ,PIT  ,1:28.696
19 ,15.562 ,1:26.213
11 ,17.044 ,1:26.384
55 ,18.113 ,1:25.901
27 ,19.649 ,1:26.414
13 ,21.610 ,1:27.041
8 ,22.894 ,1:26.874
7 ,24.470 ,1:25.430
9 ,28.247 ,1:28.231
12 ,28.942 ,1:28.276
22 ,31.536 ,1:26.734
53 ,40.988 ,1:28.409
28 ,42.113 ,1:28.463
5 ,50.571 ,1:24.516
6 ,0,1:24.835
44 ,1.872 ,1:24.741
26 ,6.917 ,1:24.878
3 ,11.697 ,1:25.953
33 ,14.006 ,1:25.538
11 ,18.601 ,1:26.392
19 ,PIT  ,1:28.499
55 ,19.439 ,1:26.161
13 ,23.995 ,1:27.220
27 ,PIT  ,1:29.315
8 ,25.136 ,1:27.077
7 ,25.522 ,1:25.887
9 ,30.877 ,1:27.465
12 ,31.909 ,1:27.802
22 ,33.452 ,1:26.751
77 ,34.897 ,1:44.560
53 ,44.885 ,1:28.732
28 ,45.957 ,1:28.679
5 ,50.191 ,1:24.455
6 ,0,1:24.753
44 ,1.498 ,1:24.379
26 ,7.039 ,1:24.875
3 ,12.517 ,1:25.573
33 ,14.557 ,1:25.304
11 ,20.251 ,1:26.403
55 ,20.844 ,1:26.158
7 ,26.992 ,1:26.223
8 ,28.317 ,1:27.934
13 ,PIT  ,1:29.871
12 ,34.852 ,1:27.696
22 ,35.471 ,1:26.772
77 ,35.794 ,1:25.650
9 ,PIT  ,1:30.800
19 ,39.107 ,1:44.634
27 ,43.979 ,1:44.603
53 ,49.296 ,1:29.164
28 ,50.057 ,1:28.853
5 ,50.391 ,1:24.953
6 ,0,1:24.670
44 ,1.084 ,1:24.256
26 ,7.030 ,1:24.661
3 ,13.090 ,1:25.243
33 ,15.200 ,1:25.313
11 ,22.054 ,1:26.473
55 ,22.526 ,1:26.352
7 ,27.699 ,1:25.377
8 ,PIT  ,1:29.802
77 ,35.891 ,1:24.767
12 ,38.028 ,1:27.846
22 ,38.683 ,1:27.882
19 ,39.165 ,1:24.728
27 ,43.598 ,1:24.289
5 ,50.231 ,1:24.510
53 ,53.978 ,1:29.352
13 ,54.636 ,1:50.193
28 ,55.556 ,1:30.169
9 ,58.511 ,1:46.257
6 ,0,1:24.012
44 ,1.269 ,1:24.197
26 ,7.628 ,1:24.610
3 ,14.069 ,1:24.991
33 ,16.484 ,1:25.296
11 ,23.899 ,1:25.857
55 ,24.623 ,1:26.109
7 ,29.030 ,1:25.343
77 ,36.417 ,1:24.538
19 ,40.027 ,1:24.874
22 ,42.624 ,1:27.953
27 ,44.895 ,1:25.309
12 ,PIT  ,1:31.267
5 ,50.243 ,1:24.024
8 ,54.694 ,1:45.257
13 ,55.417 ,1:24.793
53 ,59.008 ,1:29.042
28 ,60.236 ,1:28.692
9 ,60.592 ,1:26.093
6 ,0,1:23.998
44 ,1.599 ,1:24.328
26 ,8.204 ,1:24.574
3 ,14.864 ,1:24.793
33 ,17.606 ,1:25.120
11 ,25.655 ,1:25.754
55 ,PIT  ,1:29.229
7 ,30.274 ,1:25.242
77 ,37.003 ,1:24.584
19 ,40.524 ,1:24.495
22 ,44.956 ,1:26.330
27 ,45.396 ,1:24.499
5 ,50.404 ,1:24.159
8 ,56.040 ,1:25.344
13 ,56.648 ,1:25.229
9 ,61.894 ,1:25.300
53 ,64.246 ,1:29.236
28 ,65.055 ,1:28.817
12 ,68.206 ,1:46.921
6 ,0,1:23.634
44 ,1.893 ,1:23.928
26 ,8.935 ,1:24.365
3 ,15.731 ,1:24.501
33 ,19.196 ,1:25.224
11 ,27.071 ,1:25.050
7 ,31.798 ,1:25.158
77 ,37.710 ,1:24.341
19 ,41.029 ,1:24.139
27 ,46.172 ,1:24.410
22 ,48.273 ,1:26.951
55 ,50.694 ,1:44.474
5 ,51.257 ,1:24.487
8 ,57.247 ,1:24.841
13 ,58.084 ,1:25.070
9 ,63.141 ,1:24.881
53 ,69.091 ,1:28.479
28 ,69.949 ,1:28.528
12 ,70.485 ,1:25.913
6 ,0,1:23.620
44 ,1.772 ,1:23.499
26 ,10.542 ,1:25.227
3 ,16.525 ,1:24.414
33 ,20.619 ,1:25.043
11 ,28.610 ,1:25.159
7 ,33.654 ,1:25.476
77 ,37.964 ,1:23.874
19 ,41.497 ,1:24.088
27 ,46.907 ,1:24.355
22 ,50.850 ,1:26.197
5 ,51.758 ,1:24.121
55 ,52.538 ,1:25.464
8 ,58.453 ,1:24.826
13 ,59.771 ,1:25.307
9 ,64.617 ,1:25.096
12 ,72.022 ,1:25.157
28 ,75.238 ,1:28.909
53 ,76.558 ,1:31.087
6 ,0,1:23.548
44 ,2.035 ,1:23.811
26 ,11.589 ,1:24.595
3 ,17.644 ,1:24.667
33 ,21.913 ,1:24.842
11 ,30.218 ,1:25.156
7 ,35.187 ,1:25.081
77 ,38.474 ,1:24.058
19 ,41.982 ,1:24.033
27 ,47.513 ,1:24.154
22 ,53.222 ,1:25.920
5 ,53.545 ,1:25.335
55 ,54.107 ,1:25.117
8 ,59.745 ,1:24.840
13 ,61.072 ,1:24.849
9 ,66.184 ,1:25.115
12 ,73.467 ,1:24.993
28 ,79.805 ,1:28.115
53 ,81.350 ,1:28.340
6 ,0,1:23.508
44 ,2.143 ,1:23.616
26 ,12.253 ,1:24.172
3 ,18.368 ,1:24.232
33 ,23.448 ,1:25.043
11 ,31.933 ,1:25.223
7 ,36.685 ,1:25.006
77 ,38.882 ,1:23.916
19 ,42.427 ,1:23.953
27 ,48.137 ,1:24.132
22 ,55.699 ,1:25.985
55 ,56.222 ,1:25.623
8 ,61.392 ,1:25.155
13 ,62.670 ,1:25.106
5 ,67.532 ,1:37.495
9 ,68.725 ,1:26.049
12 ,74.725 ,1:24.766
6 ,0,1:23.834
28 ,1 LAP ,1:28.898
44 ,2.488 ,1:24.179
53 ,1 LAP ,1:31.113
26 ,12.828 ,1:24.409
3 ,18.776 ,1:24.242
33 ,24.693 ,1:25.079
11 ,PIT  ,1:28.600
7 ,38.098 ,1:25.247
77 ,39.265 ,1:24.217
19 ,42.734 ,1:24.141
27 ,48.546 ,1:24.243
55 ,56.294 ,1:23.906
22 ,58.509 ,1:26.644
8 ,62.175 ,1:24.617
13 ,63.969 ,1:25.133
5 ,68.403 ,1:24.705
9 ,70.059 ,1:25.168
12 ,75.541 ,1:24.650
6 ,0,1:23.228
44 ,2.814 ,1:23.554
28 ,1 LAP ,1:28.713
53 ,1 LAP ,1:28.027
26 ,14.230 ,1:24.630
3 ,19.908 ,1:24.360
33 ,26.643 ,1:25.178
7 ,39.008 ,1:24.138
77 ,40.485 ,1:24.448
19 ,43.660 ,1:24.154
27 ,49.443 ,1:24.125
55 ,57.420 ,1:24.354
11 ,58.585 ,1:45.114
22 ,61.295 ,1:26.014
8 ,63.623 ,1:24.676
13 ,65.462 ,1:24.721
5 ,69.194 ,1:24.019
9 ,71.672 ,1:24.841
12 ,76.670 ,1:24.357
6 ,0,1:23.161
44 ,2.661 ,1:23.008
28 ,1 LAP ,1:27.873
53 ,1 LAP ,1:27.911
26 ,15.815 ,1:24.746
3 ,21.498 ,1:24.751
33 ,28.593 ,1:25.111
7 ,39.901 ,1:24.054
77 ,41.299 ,1:23.975
19 ,44.378 ,1:23.879
27 ,50.057 ,1:23.775
55 ,58.467 ,1:24.208
11 ,59.284 ,1:23.860
22 ,63.768 ,1:25.634
8 ,64.938 ,1:24.476
13 ,66.473 ,1:24.172
5 ,69.724 ,1:23.691
9 ,73.198 ,1:24.687
12 ,78.172 ,1:24.663
6 ,0,1:23.522
44 ,2.643 ,1:23.504
28 ,1 LAP ,1:27.935
53 ,1 LAP ,1:28.827
26 ,PIT  ,1:27.960
3 ,22.914 ,1:24.938
33 ,30.038 ,1:24.967
7 ,41.138 ,1:24.759
77 ,41.728 ,1:23.951
19 ,44.580 ,1:23.724
27 ,50.247 ,1:23.712
55 ,59.176 ,1:24.231
11 ,60.063 ,1:24.301
22 ,65.819 ,1:25.573
8 ,66.532 ,1:25.116
13 ,67.929 ,1:24.978
5 ,69.737 ,1:23.535
9 ,75.590 ,1:25.914
12 ,79.217 ,1:24.567
6 ,0,1:23.265
44 ,2.644 ,1:23.266
28 ,1 LAP ,1:27.448
3 ,24.498 ,1:24.849
53 ,1 LAP ,1:28.952
33 ,31.719 ,1:24.946
26 ,40.279 ,1:43.291
77 ,44.441 ,1:25.978
19 ,45.984 ,1:24.669
27 ,50.994 ,1:24.012
55 ,59.861 ,1:23.950
11 ,60.886 ,1:24.088
8 ,67.881 ,1:24.614
22 ,69.082 ,1:26.528
13 ,69.572 ,1:24.908
5 ,70.511 ,1:24.039
9 ,77.672 ,1:25.347
12 ,81.048 ,1:25.096
6 ,0,1:23.496
44 ,2.357 ,1:23.209
28 ,1 LAP ,1:28.015
3 ,25.981 ,1:24.979
53 ,1 LAP ,1:28.691
33 ,33.604 ,1:25.381
26 ,40.702 ,1:23.919
77 ,45.167 ,1:24.222
19 ,46.504 ,1:24.016
27 ,51.504 ,1:24.006
55 ,60.454 ,1:24.089
11 ,61.457 ,1:24.067
8 ,68.611 ,1:24.226
13 ,71.671 ,1:25.595
5 ,72.370 ,1:25.355
22 ,73.454 ,1:27.868
9 ,79.022 ,1:24.846
12 ,82.906 ,1:25.354
6 ,0,1:23.669
44 ,1.767 ,1:23.079
28 ,1 LAP ,1:28.615
3 ,PIT  ,1:27.792
33 ,35.144 ,1:25.209
53 ,1 LAP ,1:29.028
26 ,40.460 ,1:23.427
77 ,45.214 ,1:23.716
19 ,46.756 ,1:23.921
27 ,51.480 ,1:23.645
55 ,60.908 ,1:24.123
11 ,61.819 ,1:24.031
8 ,69.124 ,1:24.182
13 ,72.141 ,1:24.139
5 ,72.782 ,1:24.081
22 ,75.062 ,1:25.277
9 ,79.848 ,1:24.495
6 ,0,1:23.316
44 ,1.833 ,1:23.382
12 ,1 LAP ,1:27.772
28 ,1 LAP ,1:27.491
33 ,PIT  ,1:28.124
26 ,40.822 ,1:23.678
53 ,1 LAP ,1:29.531
77 ,45.402 ,1:23.504
19 ,47.174 ,1:23.734
3 ,50.299 ,1:43.511
27 ,51.930 ,1:23.766
55 ,61.726 ,1:24.134
11 ,62.742 ,1:24.239
8 ,69.919 ,1:24.111
13 ,72.776 ,1:23.951
5 ,73.649 ,1:24.183
22 ,76.872 ,1:25.126
9 ,81.242 ,1:24.710
44 ,0,1:23.272
6 ,PIT  ,1:26.460
12 ,1 LAP ,1:24.282
28 ,1 LAP ,1:27.430
26 ,39.274 ,1:23.557
77 ,44.115 ,1:23.818
19 ,45.843 ,1:23.774
3 ,49.100 ,1:23.906
53 ,1 LAP ,1:31.785
27 ,50.760 ,1:23.935
33 ,59.573 ,1:44.726
55 ,60.945 ,1:24.324
11 ,62.085 ,1:24.448
8 ,68.545 ,1:23.731
13 ,71.693 ,1:24.022
5 ,72.311 ,1:23.767
22 ,77.387 ,1:25.620
9 ,80.801 ,1:24.664
44 ,0,1:23.506
12 ,1 LAP ,1:24.794
6 ,19.598 ,1:41.749
26 ,39.851 ,1:24.083
77 ,43.975 ,1:23.366
28 ,PIT  ,1:31.837
19 ,46.111 ,1:23.774
3 ,48.937 ,1:23.343
27 ,51.528 ,1:24.274
53 ,1 LAP ,1:29.407
33 ,59.787 ,1:23.720
55 ,61.563 ,1:24.124
11 ,62.856 ,1:24.277
8 ,68.955 ,1:23.916
13 ,72.836 ,1:24.649
5 ,74.118 ,1:25.313
22 ,79.124 ,1:25.243
9 ,81.800 ,1:24.505
44 ,PIT  ,1:28.278
12 ,1 LAP ,1:24.822
6 ,14.871 ,1:23.551
26 ,35.285 ,1:23.712
77 ,39.011 ,1:23.314
19 ,41.329 ,1:23.496
3 ,43.965 ,1:23.306
27 ,46.766 ,1:23.516
33 ,55.521 ,1:24.012
55 ,57.488 ,1:24.203
11 ,58.850 ,1:24.272
53 ,PIT  ,1:33.944
8 ,65.067 ,1:24.390
28 ,1 LAP ,1:51.826
13 ,68.888 ,1:24.330
5 ,69.688 ,1:23.848
22 ,76.535 ,1:25.689
9 ,78.113 ,1:24.591
12 ,85.341 ,1:24.639
6 ,0,1:23.422
44 ,3.565 ,1:41.858
26 ,20.493 ,1:23.501
77 ,24.105 ,1:23.387
19 ,26.646 ,1:23.610
3 ,29.069 ,1:23.397
27 ,32.324 ,1:23.851
33 ,41.289 ,1:24.061
55 ,43.172 ,1:23.977
11 ,44.381 ,1:23.824
8 ,50.793 ,1:24.019
13 ,54.617 ,1:24.022
5 ,55.409 ,1:24.014
28 ,1 LAP ,1:28.888
22 ,63.747 ,1:25.505
9 ,64.765 ,1:24.945
12 ,72.263 ,1:25.215
53 ,1 LAP ,1:52.062
6 ,0,1:22.872
44 ,3.134 ,1:22.441
26 ,21.433 ,1:23.812
77 ,24.614 ,1:23.381
19 ,27.341 ,1:23.567
3 ,29.502 ,1:23.305
27 ,33.038 ,1:23.586
33 ,42.476 ,1:24.059
55 ,44.353 ,1:24.053
11 ,45.316 ,1:23.807
8 ,51.767 ,1:23.846
13 ,55.639 ,1:23.894
5 ,56.720 ,1:24.183
28 ,1 LAP ,1:27.332
9 ,66.680 ,1:24.787
22 ,PIT  ,1:28.203
12 ,74.243 ,1:24.852
53 ,1 LAP ,1:26.428
6 ,0,1:22.892
44 ,2.342 ,1:22.100
26 ,21.871 ,1:23.330
77 ,25.014 ,1:23.292
19 ,27.801 ,1:23.352
3 ,29.765 ,1:23.155
27 ,33.355 ,1:23.209
33 ,43.409 ,1:23.825
55 ,45.341 ,1:23.880
11 ,46.221 ,1:23.797
8 ,52.696 ,1:23.821
13 ,56.623 ,1:23.876
5 ,57.692 ,1:23.864
28 ,1 LAP ,1:27.102
9 ,68.050 ,1:24.262
12 ,77.164 ,1:25.813
53 ,1 LAP ,1:26.904
6 ,0,1:22.754
44 ,2.165 ,1:22.577
22 ,1 LAP ,1:44.513
26 ,22.558 ,1:23.441
77 ,25.492 ,1:23.232
19 ,28.395 ,1:23.348
3 ,30.098 ,1:23.087
27 ,33.905 ,1:23.304
33 ,44.546 ,1:23.891
55 ,46.959 ,1:24.372
11 ,47.706 ,1:24.239
8 ,53.843 ,1:23.901
13 ,57.514 ,1:23.645
5 ,58.559 ,1:23.621
9 ,68.693 ,1:23.397
28 ,1 LAP ,1:27.220
12 ,79.344 ,1:24.934
6 ,0,1:22.244
44 ,2.571 ,1:22.650
53 ,2 LAPS ,1:27.918
22 ,1 LAP ,1:24.897
26 ,23.681 ,1:23.367
77 ,26.240 ,1:22.992
19 ,29.258 ,1:23.107
3 ,30.845 ,1:22.991
27 ,34.959 ,1:23.298
33 ,46.160 ,1:23.858
11 ,49.853 ,1:24.391
55 ,50.300 ,1:25.585
8 ,55.625 ,1:24.026
13 ,59.233 ,1:23.963
5 ,60.565 ,1:24.250
9 ,70.305 ,1:23.856
28 ,1 LAP ,1:27.009
12 ,81.600 ,1:24.500
6 ,0,1:22.751
44 ,2.373 ,1:22.553
53 ,2 LAPS ,1:26.246
22 ,1 LAP ,1:24.263
26 ,24.149 ,1:23.219
77 ,26.552 ,1:23.063
19 ,29.794 ,1:23.287
3 ,31.264 ,1:23.170
27 ,35.529 ,1:23.321
33 ,47.341 ,1:23.932
11 ,50.769 ,1:23.667
55 ,51.856 ,1:24.307
8 ,56.642 ,1:23.768
13 ,60.153 ,1:23.671
5 ,61.096 ,1:23.282
9 ,71.439 ,1:23.885
28 ,1 LAP ,1:27.163
6 ,0,1:22.780
44 ,2.430 ,1:22.837
12 ,1 LAP ,1:27.534
53 ,2 LAPS ,1:26.602
22 ,1 LAP ,1:24.224
26 ,24.234 ,1:22.865
77 ,26.729 ,1:22.957
19 ,30.162 ,1:23.148
3 ,31.585 ,1:23.101
27 ,35.998 ,1:23.249
33 ,48.122 ,1:23.561
11 ,51.545 ,1:23.556
55 ,53.108 ,1:24.032
8 ,57.523 ,1:23.661
13 ,60.934 ,1:23.561
5 ,PIT  ,1:26.656
9 ,72.722 ,1:24.063
6 ,0,1:22.638
44 ,2.905 ,1:23.113
28 ,2 LAPS ,1:28.647
12 ,1 LAP ,1:24.753
22 ,1 LAP ,1:24.631
53 ,2 LAPS ,1:28.130
26 ,24.692 ,1:23.096
77 ,27.181 ,1:23.090
19 ,30.695 ,1:23.171
3 ,32.036 ,1:23.089
27 ,36.665 ,1:23.305
33 ,49.092 ,1:23.608
11 ,52.480 ,1:23.573
55 ,54.631 ,1:24.161
8 ,58.926 ,1:24.041
13 ,61.971 ,1:23.675
9 ,74.261 ,1:24.177
6 ,0,1:22.587
5 ,1 LAP ,1:41.730
44 ,2.949 ,1:22.631
12 ,1 LAP ,1:24.658
28 ,2 LAPS ,1:28.088
22 ,1 LAP ,1:24.344
53 ,2 LAPS ,1:27.026
26 ,25.404 ,1:23.299
77 ,27.732 ,1:23.138
19 ,31.140 ,1:23.032
3 ,32.973 ,1:23.524
27 ,37.601 ,1:23.523
33 ,50.223 ,1:23.718
11 ,53.395 ,1:23.502
55 ,55.560 ,1:23.516
8 ,59.948 ,1:23.609
13 ,62.978 ,1:23.594
9 ,75.619 ,1:23.945
6 ,0,1:22.616
5 ,1 LAP ,1:22.321
44 ,3.004 ,1:22.671
12 ,1 LAP ,1:25.683
28 ,2 LAPS ,1:27.024
22 ,1 LAP ,1:24.874
26 ,26.583 ,1:23.795
53 ,2 LAPS ,1:27.799
77 ,28.582 ,1:23.466
19 ,32.229 ,1:23.705
3 ,33.602 ,1:23.245
27 ,38.387 ,1:23.402
33 ,51.153 ,1:23.546
11 ,54.157 ,1:23.378
55 ,56.814 ,1:23.870
8 ,60.912 ,1:23.580
13 ,63.951 ,1:23.589
9 ,77.072 ,1:24.069
6 ,0,1:22.721
5 ,1 LAP ,1:22.561
44 ,2.724 ,1:22.441
12 ,1 LAP ,1:24.195
28 ,2 LAPS ,1:27.123
22 ,1 LAP ,1:25.021
26 ,27.345 ,1:23.483
77 ,29.268 ,1:23.407
53 ,2 LAPS ,1:27.290
19 ,32.861 ,1:23.353
3 ,34.707 ,1:23.826
27 ,39.444 ,1:23.778
33 ,52.010 ,1:23.578
11 ,54.582 ,1:23.146
55 ,58.007 ,1:23.914
8 ,61.795 ,1:23.604
13 ,64.577 ,1:23.347
9 ,PIT  ,1:27.069
6 ,0,1:22.407
5 ,1 LAP ,1:22.858
44 ,2.668 ,1:22.351
12 ,1 LAP ,1:23.848
28 ,2 LAPS ,1:27.329
22 ,1 LAP ,1:24.502
26 ,27.975 ,1:23.037
77 ,29.833 ,1:22.972
19 ,33.656 ,1:23.202
3 ,36.531 ,1:24.231
53 ,2 LAPS ,1:27.897
27 ,40.359 ,1:23.322
33 ,53.262 ,1:23.659
11 ,55.466 ,1:23.291
55 ,59.081 ,1:23.481
8 ,63.683 ,1:24.295
13 ,65.647 ,1:23.477
6 ,0,1:22.348
44 ,2.817 ,1:22.497
5 ,1 LAP ,1:24.766
12 ,1 LAP ,1:23.779
9 ,1 LAP ,1:43.546
22 ,1 LAP ,1:24.039
28 ,2 LAPS ,1:27.136
26 ,28.819 ,1:23.192
77 ,30.492 ,1:23.007
19 ,34.355 ,1:23.047
3 ,38.126 ,1:23.943
53 ,2 LAPS ,1:25.913
27 ,41.479 ,1:23.468
33 ,54.501 ,1:23.587
11 ,56.230 ,1:23.112
55 ,60.227 ,1:23.494
8 ,64.499 ,1:23.164
13 ,66.747 ,1:23.448
6 ,0,1:22.333
44 ,2.478 ,1:21.994
5 ,1 LAP ,1:22.841
12 ,1 LAP ,1:24.167
9 ,1 LAP ,1:23.135
22 ,1 LAP ,1:24.534
26 ,29.003 ,1:22.517
77 ,31.195 ,1:23.036
28 ,2 LAPS ,1:28.073
19 ,35.352 ,1:23.330
3 ,39.528 ,1:23.735
27 ,42.106 ,1:22.960
53 ,2 LAPS ,1:26.547
33 ,55.485 ,1:23.317
11 ,57.052 ,1:23.155
55 ,61.406 ,1:23.512
8 ,65.204 ,1:23.038
13 ,67.721 ,1:23.307
6 ,0,1:22.153
44 ,2.756 ,1:22.431
5 ,1 LAP ,1:22.353
12 ,1 LAP ,1:23.796
9 ,1 LAP ,1:23.020
26 ,30.353 ,1:23.503
77 ,32.473 ,1:23.431
22 ,1 LAP ,1:27.360
19 ,36.589 ,1:23.390
3 ,40.590 ,1:23.215
28 ,2 LAPS ,1:29.878
27 ,43.220 ,1:23.267
53 ,2 LAPS ,1:26.722
33 ,56.536 ,1:23.204
11 ,58.244 ,1:23.345
8 ,66.343 ,1:23.292
55 ,PIT  ,1:27.824
13 ,68.803 ,1:23.235
6 ,0,1:21.932
44 ,3.011 ,1:22.187
5 ,1 LAP ,1:22.358
12 ,1 LAP ,1:23.887
9 ,1 LAP ,1:23.318
26 ,30.959 ,1:22.538
77 ,33.553 ,1:23.012
22 ,1 LAP ,1:24.427
19 ,38.621 ,1:23.964
3 ,41.556 ,1:22.898
27 ,44.816 ,1:23.528
28 ,2 LAPS ,1:28.078
53 ,2 LAPS ,1:26.385
33 ,57.773 ,1:23.169
11 ,59.637 ,1:23.325
8 ,67.485 ,1:23.074
13 ,71.280 ,1:24.409
6 ,0,1:22.013
44 ,2.938 ,1:21.940
5 ,1 LAP ,1:22.241
55 ,1 LAP ,1:43.428
9 ,1 LAP ,1:23.248
12 ,PIT  ,1:27.926
26 ,31.665 ,1:22.719
77 ,34.485 ,1:22.945
22 ,1 LAP ,1:24.801
19 ,39.864 ,1:23.256
3 ,42.340 ,1:22.797
27 ,45.987 ,1:23.184
28 ,2 LAPS ,1:26.836
53 ,2 LAPS ,1:26.676
33 ,59.413 ,1:23.653
11 ,60.834 ,1:23.210
8 ,68.526 ,1:23.054
13 ,72.723 ,1:23.456
44 ,0,1:21.994
6 ,PIT  ,1:25.131
5 ,1 LAP ,1:22.193
55 ,1 LAP ,1:22.816
9 ,1 LAP ,1:23.402
26 ,29.685 ,1:22.952
77 ,32.181 ,1:22.628
19 ,38.739 ,1:23.807
22 ,1 LAP ,1:25.990
3 ,40.433 ,1:23.025
27 ,44.074 ,1:23.019
12 ,1 LAP ,1:45.683
28 ,2 LAPS ,1:26.351
33 ,57.701 ,1:23.220
11 ,59.277 ,1:23.375
53 ,2 LAPS ,1:27.379
8 ,66.880 ,1:23.286
13 ,70.962 ,1:23.171
44 ,0,1:22.252
5 ,1 LAP ,1:22.363
55 ,1 LAP ,1:22.172
6 ,18.637 ,1:40.690
9 ,1 LAP ,1:23.228
26 ,30.213 ,1:22.780
77 ,32.710 ,1:22.781
19 ,39.863 ,1:23.376
3 ,41.364 ,1:23.183
22 ,1 LAP ,1:25.914
27 ,44.672 ,1:22.850
12 ,1 LAP ,1:23.455
28 ,2 LAPS ,1:26.610
33 ,59.076 ,1:23.627
11 ,60.182 ,1:23.157
53 ,2 LAPS ,1:26.035
8 ,67.853 ,1:23.225
13 ,71.996 ,1:23.286
5 ,84.719 ,1:22.094
44 ,PIT  ,1:25.344
55 ,1 LAP ,1:22.793
6 ,14.966 ,1:21.673
9 ,1 LAP ,1:23.852
26 ,27.604 ,1:22.735
77 ,30.005 ,1:22.639
19 ,37.951 ,1:23.432
3 ,38.751 ,1:22.731
27 ,42.783 ,1:23.455
22 ,PIT  ,1:27.313
12 ,1 LAP ,1:23.918
33 ,56.987 ,1:23.255
11 ,58.308 ,1:23.470
28 ,2 LAPS ,1:27.651
8 ,66.036 ,1:23.527
53 ,2 LAPS ,1:27.126
13 ,70.136 ,1:23.484
5 ,81.222 ,1:21.847
55 ,84.286 ,1:22.473
6 ,0,1:21.367
44 ,4.278 ,1:40.611
9 ,1 LAP ,1:23.248
26 ,13.714 ,1:22.443
77 ,16.383 ,1:22.711
19 ,25.026 ,1:23.408
3 ,25.407 ,1:22.989
27 ,29.498 ,1:23.048
12 ,1 LAP ,1:23.350
11 ,45.506 ,1:23.531
33 ,45.858 ,1:25.204
28 ,2 LAPS ,1:26.488
22 ,1 LAP ,1:42.762
8 ,53.125 ,1:23.422
53 ,2 LAPS ,1:25.987
13 ,57.537 ,1:23.734
5 ,66.962 ,1:22.073
55 ,70.567 ,1:22.614
6 ,0,1:21.621
44 ,3.510 ,1:20.853
9 ,1 LAP ,1:23.026
26 ,14.663 ,1:22.570
77 ,17.591 ,1:22.829
19 ,27.337 ,1:23.932
3 ,27.577 ,1:23.791
27 ,30.833 ,1:22.956
12 ,1 LAP ,1:23.692
11 ,47.860 ,1:23.975
33 ,49.278 ,1:25.041
22 ,1 LAP ,1:23.006
8 ,54.919 ,1:23.415
28 ,2 LAPS ,1:27.746
13 ,59.298 ,1:23.382
53 ,2 LAPS ,1:26.847
5 ,67.513 ,1:22.172
55 ,71.984 ,1:23.038
6 ,0,1:21.244
44 ,3.081 ,1:20.815
9 ,1 LAP ,1:22.867
26 ,15.916 ,1:22.497
77 ,19.194 ,1:22.847
3 ,28.992 ,1:22.659
19 ,31.423 ,1:25.330
27 ,32.840 ,1:23.251
12 ,1 LAP ,1:23.797
11 ,49.373 ,1:22.757
33 ,51.530 ,1:23.496
22 ,1 LAP ,1:23.275
8 ,57.012 ,1:23.337
13 ,63.368 ,1:25.314
28 ,2 LAPS ,1:29.570
53 ,2 LAPS ,1:26.742
55 ,PIT  ,1:28.395
6 ,0,1:30.276
44 ,5.036 ,1:32.231
9 ,PIT  ,1:38.625
26 ,PIT  ,1:39.455
77 ,26.908 ,1:37.990
3 ,PIT  ,1:42.371
19 ,PIT  ,1:42.835
27 ,PIT  ,1:42.992
12 ,PIT  ,1:45.727
11 ,65.525 ,1:46.428
33 ,PIT  ,1:49.207
22 ,1 LAP ,1:49.449
8 ,PIT  ,1:52.675
13 ,PIT  ,1:53.630
28 ,PIT  ,1:54.082
53 ,PIT  ,1:55.668
6 ,0,2:18.807
55 ,1 LAP ,2:30.636
44 ,2.002 ,2:15.773
77 ,PIT  ,1:55.838
9 ,1 LAP ,2:06.800
26 ,12.615 ,2:06.327
3 ,27.727 ,2:05.447
19 ,32.256 ,2:07.081
27 ,33.946 ,2:07.197
11 ,37.287 ,1:50.569
12 ,1 LAP ,2:07.326
22 ,1 LAP ,1:51.118
33 ,57.712 ,2:06.058
8 ,66.626 ,2:06.022
13 ,67.431 ,1:59.516
28 ,2 LAPS ,1:57.735
53 ,2 LAPS ,1:56.430
6 ,0,2:04.280
55 ,1 LAP ,2:04.104
44 ,3.048 ,2:05.326
9 ,1 LAP ,1:59.751
26 ,5.485 ,1:57.150
77 ,6.442 ,2:06.783
3 ,7.546 ,1:44.099
19 ,8.707 ,1:40.731
27 ,9.806 ,1:40.140
11 ,10.779 ,1:37.772
12 ,1 LAP ,1:33.241
22 ,1 LAP ,1:31.321
33 ,23.524 ,1:30.092
8 ,30.966 ,1:28.620
13 ,32.430 ,1:29.279
28 ,2 LAPS ,1:31.163
53 ,2 LAPS ,1:29.636
55 ,104.603 ,1:44.091
9 ,109.591 ,1:45.380
12 ,118.452 ,1:46.805
22 ,119.105 ,1:45.707
6 ,0,2:07.406
44 ,1.298 ,2:05.656
26 ,1.517 ,2:03.438
77 ,2.533 ,2:03.497
3 ,2.902 ,2:02.762
19 ,4.014 ,2:02.713
28 ,2 LAPS ,1:37.810
53 ,2 LAPS ,1:37.407
27 ,6.085 ,2:03.685
11 ,7.633 ,2:04.260
33 ,8.633 ,1:52.515
8 ,9.602 ,1:46.042
13 ,11.681 ,1:46.657
55 ,60.805 ,1:23.608
9 ,67.941 ,1:25.756
12 ,76.078 ,1:25.032
22 ,77.708 ,1:26.009
28 ,1 LAP ,1:29.954
53 ,1 LAP ,1:30.402
6 ,0,2:02.918
44 ,0.634 ,2:02.254
26 ,1.843 ,2:03.244
77 ,2.726 ,2:03.111
3 ,3.566 ,2:03.582
19 ,4.301 ,2:03.205
27 ,5.159 ,2:01.992
11 ,6.164 ,2:01.449
33 ,7.133 ,2:01.418
8 ,9.058 ,2:02.374
13 ,9.613 ,2:00.850
55 ,21.897 ,1:24.010
9 ,28.794 ,1:23.771
12 ,37.832 ,1:24.672
22 ,40.920 ,1:26.130
28 ,1 LAP ,1:27.047
53 ,1 LAP ,1:26.813
6 ,0,2:01.455
44 ,0.476 ,2:01.297
26 ,0.935 ,2:00.547
77 ,1.241 ,1:59.970
3 ,1.557 ,1:59.446
19 ,2.651 ,1:59.805
27 ,2.936 ,1:59.232
11 ,3.649 ,1:58.940
33 ,3.988 ,1:58.310
8 ,4.576 ,1:56.973
13 ,5.410 ,1:57.252
55 ,5.742 ,1:45.300
9 ,6.309 ,1:38.970
12 ,6.678 ,1:30.301
22 ,7.319 ,1:27.854
28 ,1 LAP ,1:27.977
53 ,1 LAP ,1:27.773
6 ,0,1:22.656
44 ,1.569 ,1:23.749
77 ,2.374 ,1:23.789
26 ,3.013 ,1:24.734
3 ,3.491 ,1:24.590
19 ,4.605 ,1:24.610
27 ,5.156 ,1:24.876
11 ,6.073 ,1:25.080
33 ,6.490 ,1:25.158
8 ,7.207 ,1:25.287
13 ,7.949 ,1:25.195
55 ,9.839 ,1:26.753
9 ,10.360 ,1:26.707
22 ,11.554 ,1:26.891
28 ,1 LAP ,1:27.007
53 ,1 LAP ,1:27.419
6 ,0,1:22.167
44 ,1.317 ,1:21.915
77 ,3.562 ,1:23.355
26 ,4.019 ,1:23.173
3 ,4.455 ,1:23.131
19 ,5.728 ,1:23.290
27 ,6.569 ,1:23.580
11 ,8.024 ,1:24.118
33 ,8.296 ,1:23.973
8 ,9.248 ,1:24.208
13 ,9.861 ,1:24.079
55 ,11.689 ,1:24.017
9 ,12.597 ,1:24.404
22 ,13.731 ,1:24.344
28 ,1 LAP ,1:26.563
53 ,1 LAP ,1:26.748
6 ,0,1:21.393
44 ,1.303 ,1:21.379
77 ,4.320 ,1:22.151
26 ,4.965 ,1:22.339
3 ,5.739 ,1:22.677
19 ,7.072 ,1:22.737
27 ,8.111 ,1:22.935
11 ,10.247 ,1:23.616
33 ,10.773 ,1:23.870
8 ,11.595 ,1:23.740
13 ,12.155 ,1:23.687
55 ,14.104 ,1:23.808
9 ,14.798 ,1:23.594
22 ,16.264 ,1:23.926
28 ,1 LAP ,1:27.036
53 ,1 LAP ,1:26.652
6 ,0,1:21.051
44 ,1.110 ,1:20.858
77 ,5.058 ,1:21.789
26 ,6.120 ,1:22.206
3 ,6.787 ,1:22.099
19 ,8.394 ,1:22.373
27 ,9.821 ,1:22.761
11 ,12.214 ,1:23.018
33 ,13.168 ,1:23.446
8 ,13.890 ,1:23.346
13 ,14.626 ,1:23.522
9 ,18.425 ,1:24.678
55 ,19.888 ,1:26.835
22 ,20.458 ,1:25.245
28 ,1 LAP ,1:27.672
53 ,1 LAP ,1:27.420
6 ,0,1:21.051
44 ,1.159 ,1:21.100
77 ,5.836 ,1:21.829
26 ,7.072 ,1:22.003
3 ,7.957 ,1:22.221
19 ,9.747 ,1:22.404
27 ,11.316 ,1:22.546
11 ,14.093 ,1:22.930
33 ,15.380 ,1:23.263
8 ,16.308 ,1:23.469
13 ,17.038 ,1:23.463
9 ,20.090 ,1:22.716
55 ,22.739 ,1:23.902
22 ,23.321 ,1:23.914
53 ,1 LAP ,1:26.051
28 ,1 LAP ,1:27.982
6 ,0,1:21.283
44 ,1.034 ,1:21.158
77 ,6.356 ,1:21.803
26 ,8.845 ,1:23.056
3 ,9.491 ,1:22.817
19 ,11.072 ,1:22.608
27 ,12.469 ,1:22.436
11 ,15.878 ,1:23.068
33 ,17.487 ,1:23.390
8 ,18.665 ,1:23.640
13 ,21.062 ,1:25.307
9 ,21.929 ,1:23.122
55 ,25.721 ,1:24.265
22 ,26.378 ,1:24.340
53 ,1 LAP ,1:26.357
28 ,1 LAP ,1:26.671
6 ,0,1:21.080
44 ,1.704 ,1:21.750
77 ,7.214 ,1:21.938
26 ,9.990 ,1:22.225
3 ,11.180 ,1:22.769
19 ,12.691 ,1:22.699
27 ,13.853 ,1:22.464
11 ,17.976 ,1:23.178
33 ,20.242 ,1:23.835
8 ,21.607 ,1:24.022
13 ,23.249 ,1:23.267
9 ,24.539 ,1:23.690
55 ,29.029 ,1:24.388
22 ,29.787 ,1:24.489
53 ,1 LAP ,1:26.359
28 ,1 LAP ,1:26.789
6 ,0,1:21.109
44 ,1.497 ,1:20.902
77 ,7.810 ,1:21.705
26 ,10.851 ,1:21.970
3 ,12.634 ,1:22.563
19 ,14.116 ,1:22.534
27 ,15.618 ,1:22.874
11 ,20.243 ,1:23.376
33 ,22.934 ,1:23.801
8 ,24.143 ,1:23.645
13 ,25.610 ,1:23.470
9 ,27.409 ,1:23.979
55 ,32.149 ,1:24.229
22 ,32.704 ,1:24.026
53 ,1 LAP ,1:26.105
28 ,1 LAP ,1:26.662
6 ,0,1:21.069
44 ,1.200 ,1:20.772
77 ,8.419 ,1:21.678
26 ,11.661 ,1:21.879
3 ,13.937 ,1:22.372
19 ,15.748 ,1:22.701
27 ,17.126 ,1:22.577
11 ,22.493 ,1:23.319
33 ,25.265 ,1:23.400
8 ,26.946 ,1:23.872
13 ,27.711 ,1:23.170
9 ,29.755 ,1:23.415
55 ,34.980 ,1:23.900
22 ,35.673 ,1:24.038
53 ,1 LAP ,1:25.533
28 ,1 LAP ,1:26.418
6 ,0,1:20.521
44 ,1.402 ,1:20.723
77 ,9.730 ,1:21.832
26 ,12.824 ,1:21.684
3 ,15.750 ,1:22.334
19 ,17.424 ,1:22.197
27 ,19.370 ,1:22.765
11 ,25.571 ,1:23.599
33 ,28.140 ,1:23.396
8 ,29.792 ,1:23.367
13 ,30.622 ,1:23.432
9 ,33.152 ,1:23.918
55 ,38.220 ,1:23.761
22 ,39.108 ,1:23.956
53 ,1 LAP ,1:25.723
6 ,0,1:21.191
44 ,1.261 ,1:21.050
28 ,2 LAPS ,1:28.862
77 ,10.124 ,1:21.585
26 ,13.588 ,1:21.955
3 ,16.710 ,1:22.151
19 ,18.382 ,1:22.149
27 ,20.667 ,1:22.488
11 ,27.855 ,1:23.475
33 ,30.098 ,1:23.149
8 ,31.958 ,1:23.357
13 ,32.579 ,1:23.148
9 ,34.893 ,1:22.932
55 ,40.833 ,1:23.804
22 ,41.477 ,1:23.560
6 ,0,1:20.948
44 ,1.667 ,1:21.354
53 ,2 LAPS ,1:27.768
28 ,2 LAPS ,1:25.540
77 ,10.839 ,1:21.663
26 ,14.189 ,1:21.549
3 ,17.568 ,1:21.806
19 ,19.740 ,1:22.306
27 ,22.110 ,1:22.391
11 ,30.175 ,1:23.268
33 ,32.141 ,1:22.991
8 ,33.903 ,1:22.893
13 ,34.596 ,1:22.965
9 ,36.764 ,1:22.819
55 ,43.661 ,1:23.776
22 ,44.288 ,1:23.759
6 ,0,1:21.021
44 ,1.612 ,1:20.966
53 ,2 LAPS ,1:25.244
77 ,12.757 ,1:22.939
28 ,2 LAPS ,1:27.464
26 ,15.118 ,1:21.950
3 ,18.172 ,1:21.625
19 ,20.737 ,1:22.018
27 ,23.606 ,1:22.517
11 ,32.387 ,1:23.233
33 ,33.723 ,1:22.603
8 ,35.911 ,1:23.029
13 ,36.538 ,1:22.963
9 ,38.520 ,1:22.777
55 ,46.394 ,1:23.754
22 ,46.930 ,1:23.663
6 ,0,1:21.253
44 ,1.954 ,1:21.595
53 ,2 LAPS ,1:25.005
77 ,14.592 ,1:23.088
26 ,16.572 ,1:22.707
3 ,19.682 ,1:22.763
28 ,2 LAPS ,1:28.450
19 ,21.493 ,1:22.009
27 ,25.860 ,1:23.507
11 ,34.343 ,1:23.209
33 ,35.229 ,1:22.759
8 ,37.934 ,1:23.276
13 ,38.538 ,1:23.253
9 ,40.180 ,1:22.913
55 ,48.772 ,1:23.631
22 ,49.214 ,1:23.537
