5 ,0,1:32.868
7 ,1.332 ,1:34.200
6 ,3.110 ,1:35.978
77 ,4.414 ,1:37.282
26 ,5.615 ,1:38.483
27 ,5.901 ,1:38.769
3 ,6.325 ,1:39.193
11 ,6.915 ,1:39.783
19 ,7.907 ,1:40.775
44 ,8.767 ,1:41.635
55 ,9.264 ,1:42.132
14 ,9.824 ,1:42.692
33 ,10.218 ,1:43.086
22 ,10.599 ,1:43.467
13 ,10.877 ,1:43.745
8 ,12.506 ,1:45.374
98 ,12.574 ,1:45.442
9 ,12.713 ,1:45.581
12 ,13.057 ,1:45.925
28 ,14.167 ,1:47.035
5 ,0,1:28.820
7 ,1.599 ,1:29.087
6 ,3.789 ,1:29.499
77 ,6.158 ,1:30.564
27 ,7.303 ,1:30.222
26 ,8.451 ,1:31.656
3 ,8.887 ,1:31.382
11 ,9.990 ,1:31.895
19 ,10.944 ,1:31.857
44 ,11.292 ,1:31.345
55 ,12.088 ,1:31.644
14 ,13.142 ,1:32.138
33 ,13.945 ,1:32.547
22 ,14.592 ,1:32.813
13 ,15.299 ,1:33.242
8 ,15.917 ,1:32.231
9 ,16.758 ,1:32.865
12 ,17.436 ,1:33.199
98 ,18.457 ,1:34.703
28 ,20.487 ,1:35.140
5 ,0,1:28.664
7 ,1.666 ,1:28.731
6 ,3.933 ,1:28.808
77 ,7.290 ,1:29.796
27 ,8.768 ,1:30.129
26 ,9.891 ,1:30.104
3 ,10.556 ,1:30.333
11 ,11.931 ,1:30.605
19 ,13.014 ,1:30.734
44 ,13.489 ,1:30.861
55 ,14.421 ,1:30.997
14 ,15.434 ,1:30.956
33 ,16.028 ,1:30.747
22 ,17.327 ,1:31.399
13 ,18.311 ,1:31.676
8 ,18.710 ,1:31.457
9 ,19.863 ,1:31.769
12 ,21.112 ,1:32.340
98 ,22.763 ,1:32.970
28 ,25.178 ,1:33.355
5 ,0,1:28.067
7 ,1.854 ,1:28.255
6 ,4.275 ,1:28.409
77 ,8.997 ,1:29.774
27 ,10.774 ,1:30.073
26 ,11.827 ,1:30.003
3 ,12.451 ,1:29.962
11 ,14.223 ,1:30.359
19 ,15.259 ,1:30.312
44 ,15.623 ,1:30.201
55 ,16.690 ,1:30.336
14 ,17.996 ,1:30.629
33 ,18.669 ,1:30.708
22 ,20.119 ,1:30.859
13 ,21.685 ,1:31.441
8 ,22.110 ,1:31.467
9 ,22.999 ,1:31.203
12 ,24.006 ,1:30.961
98 ,27.323 ,1:32.627
28 ,29.952 ,1:32.841
5 ,0,1:28.312
7 ,1.851 ,1:28.309
6 ,4.240 ,1:28.277
77 ,10.262 ,1:29.577
27 ,12.383 ,1:29.921
26 ,13.102 ,1:29.587
3 ,13.664 ,1:29.525
11 ,15.991 ,1:30.080
19 ,17.225 ,1:30.278
44 ,17.674 ,1:30.363
55 ,18.603 ,1:30.225
14 ,20.074 ,1:30.390
33 ,20.449 ,1:30.092
22 ,22.365 ,1:30.558
8 ,23.264 ,1:29.466
13 ,25.042 ,1:31.669
9 ,25.450 ,1:30.763
12 ,26.524 ,1:30.830
98 ,32.636 ,1:33.625
28 ,34.339 ,1:32.699
5 ,0,1:27.976
7 ,2.043 ,1:28.168
6 ,4.478 ,1:28.214
77 ,11.957 ,1:29.671
27 ,14.123 ,1:29.716
26 ,14.784 ,1:29.658
3 ,15.351 ,1:29.663
11 ,18.092 ,1:30.077
19 ,19.399 ,1:30.150
44 ,19.799 ,1:30.101
55 ,20.617 ,1:29.990
33 ,22.238 ,1:29.765
14 ,23.349 ,1:31.251
22 ,24.901 ,1:30.512
8 ,25.566 ,1:30.278
9 ,27.523 ,1:30.049
13 ,28.880 ,1:31.814
12 ,29.374 ,1:30.826
28 ,39.672 ,1:33.309
98 ,PIT  ,1:35.672
5 ,0,1:28.132
7 ,2.281 ,1:28.370
6 ,4.909 ,1:28.563
77 ,13.619 ,1:29.794
27 ,15.501 ,1:29.510
26 ,16.255 ,1:29.603
3 ,16.816 ,1:29.597
11 ,20.383 ,1:30.423
19 ,21.411 ,1:30.144
44 ,22.064 ,1:30.397
55 ,22.872 ,1:30.387
33 ,23.757 ,1:29.651
14 ,25.370 ,1:30.153
22 ,26.773 ,1:30.004
8 ,27.562 ,1:30.128
9 ,29.821 ,1:30.430
13 ,31.366 ,1:30.618
12 ,32.209 ,1:30.967
28 ,44.353 ,1:32.813
98 ,67.838 ,1:55.638
5 ,0,1:28.361
7 ,2.175 ,1:28.255
6 ,5.007 ,1:28.459
77 ,14.940 ,1:29.682
27 ,17.061 ,1:29.921
3 ,17.971 ,1:29.516
26 ,19.234 ,1:31.340
11 ,22.082 ,1:30.060
19 ,23.179 ,1:30.129
44 ,24.378 ,1:30.675
55 ,25.149 ,1:30.638
33 ,25.921 ,1:30.525
14 ,27.372 ,1:30.363
22 ,28.494 ,1:30.082
8 ,29.098 ,1:29.897
9 ,31.744 ,1:30.284
13 ,33.853 ,1:30.848
12 ,34.552 ,1:30.704
28 ,48.536 ,1:32.544
98 ,73.122 ,1:33.645
5 ,0,1:28.271
7 ,2.245 ,1:28.341
6 ,5.428 ,1:28.692
77 ,16.416 ,1:29.747
27 ,18.763 ,1:29.973
3 ,19.129 ,1:29.429
26 ,20.933 ,1:29.970
11 ,24.049 ,1:30.238
19 ,25.539 ,1:30.631
44 ,25.858 ,1:29.751
55 ,27.079 ,1:30.201
33 ,27.763 ,1:30.113
14 ,29.482 ,1:30.381
22 ,30.692 ,1:30.469
8 ,31.276 ,1:30.449
9 ,33.903 ,1:30.430
13 ,36.205 ,1:30.623
12 ,36.786 ,1:30.505
28 ,52.912 ,1:32.647
98 ,78.545 ,1:33.694
5 ,0,1:28.339
7 ,2.356 ,1:28.450
6 ,5.977 ,1:28.888
77 ,17.994 ,1:29.917
3 ,19.620 ,1:28.830
27 ,21.421 ,1:30.997
26 ,22.482 ,1:29.888
11 ,25.762 ,1:30.052
44 ,26.229 ,1:28.710
19 ,28.336 ,1:31.136
55 ,28.926 ,1:30.186
33 ,29.500 ,1:30.076
14 ,30.910 ,1:29.767
22 ,32.593 ,1:30.240
8 ,33.297 ,1:30.360
9 ,35.902 ,1:30.338
13 ,38.234 ,1:30.368
12 ,39.138 ,1:30.691
28 ,57.245 ,1:32.672
98 ,82.403 ,1:32.197
5 ,0,1:28.170
7 ,2.339 ,1:28.153
6 ,6.899 ,1:29.092
77 ,19.497 ,1:29.673
3 ,20.338 ,1:28.888
27 ,23.111 ,1:29.860
26 ,24.928 ,1:30.616
11 ,27.601 ,1:30.009
44 ,28.025 ,1:29.966
19 ,30.338 ,1:30.172
55 ,31.213 ,1:30.457
33 ,31.771 ,1:30.441
14 ,32.830 ,1:30.090
22 ,35.006 ,1:30.583
8 ,36.028 ,1:30.901
9 ,38.127 ,1:30.395
13 ,40.690 ,1:30.626
12 ,41.760 ,1:30.792
28 ,61.822 ,1:32.747
98 ,85.875 ,1:31.642
5 ,0,1:28.278
7 ,2.295 ,1:28.234
6 ,7.279 ,1:28.658
77 ,21.019 ,1:29.800
3 ,21.493 ,1:29.433
27 ,24.520 ,1:29.687
26 ,26.270 ,1:29.620
11 ,30.018 ,1:30.695
44 ,30.233 ,1:30.486
19 ,32.462 ,1:30.402
55 ,33.006 ,1:30.071
33 ,33.807 ,1:30.314
14 ,34.627 ,1:30.075
22 ,36.913 ,1:30.185
8 ,37.843 ,1:30.093
9 ,39.907 ,1:30.058
13 ,43.349 ,1:30.937
12 ,44.058 ,1:30.576
28 ,66.110 ,1:32.566
5 ,0,1:28.183
7 ,2.538 ,1:28.426
98 ,1 LAP ,1:34.902
6 ,7.687 ,1:28.591
3 ,21.719 ,1:28.409
27 ,26.117 ,1:29.780
77 ,PIT  ,1:33.595
44 ,30.609 ,1:28.559
26 ,PIT  ,1:32.710
11 ,33.179 ,1:31.344
19 ,34.703 ,1:30.424
55 ,35.230 ,1:30.407
33 ,35.915 ,1:30.291
14 ,36.799 ,1:30.355
22 ,39.040 ,1:30.310
8 ,39.731 ,1:30.071
9 ,41.825 ,1:30.101
13 ,45.434 ,1:30.268
12 ,46.339 ,1:30.464
28 ,70.473 ,1:32.546
5 ,0,1:28.206
7 ,2.386 ,1:28.054
98 ,1 LAP ,1:31.839
6 ,8.508 ,1:29.027
3 ,22.138 ,1:28.625
27 ,27.510 ,1:29.599
44 ,30.544 ,1:28.141
11 ,34.597 ,1:29.624
55 ,37.266 ,1:30.242
14 ,38.793 ,1:30.200
19 ,PIT  ,1:33.041
33 ,PIT  ,1:33.177
9 ,43.889 ,1:30.270
22 ,PIT  ,1:33.164
8 ,PIT  ,1:33.249
13 ,47.591 ,1:30.363
77 ,47.955 ,1:49.730
26 ,50.690 ,1:48.099
12 ,PIT  ,1:34.109
28 ,74.800 ,1:32.533
5 ,0,1:28.071
7 ,2.502 ,1:28.187
6 ,8.986 ,1:28.549
98 ,1 LAP ,1:32.608
3 ,22.784 ,1:28.717
44 ,30.588 ,1:28.115
27 ,PIT  ,1:32.257
11 ,35.917 ,1:29.391
55 ,PIT  ,1:32.126
14 ,PIT  ,1:32.306
9 ,45.731 ,1:29.913
77 ,48.506 ,1:28.622
13 ,50.620 ,1:31.100
26 ,51.619 ,1:29.000
33 ,60.006 ,1:47.191
22 ,63.089 ,1:47.162
8 ,64.714 ,1:48.011
19 ,66.996 ,1:55.529
12 ,71.546 ,1:47.375
28 ,79.419 ,1:32.690
5 ,0,1:27.913
7 ,2.729 ,1:28.140
6 ,9.349 ,1:28.276
98 ,1 LAP ,1:31.365
3 ,23.550 ,1:28.679
44 ,30.370 ,1:27.695
11 ,PIT  ,1:32.509
77 ,49.504 ,1:28.911
9 ,PIT  ,1:33.119
27 ,51.745 ,1:47.962
13 ,53.799 ,1:31.092
26 ,54.083 ,1:30.377
33 ,60.562 ,1:28.469
14 ,62.608 ,1:47.493
55 ,64.122 ,1:50.714
22 ,65.059 ,1:29.883
8 ,66.083 ,1:29.282
19 ,69.549 ,1:30.466
12 ,71.951 ,1:28.318
28 ,84.790 ,1:33.284
5 ,0,1:28.184
7 ,2.948 ,1:28.403
6 ,9.959 ,1:28.794
98 ,1 LAP ,1:32.258
3 ,24.292 ,1:28.926
44 ,30.048 ,1:27.862
77 ,50.355 ,1:29.035
27 ,52.596 ,1:29.035
26 ,55.356 ,1:29.457
13 ,57.333 ,1:31.718
11 ,59.416 ,1:47.087
33 ,61.255 ,1:28.877
14 ,63.766 ,1:29.342
55 ,64.791 ,1:28.853
22 ,66.190 ,1:29.315
8 ,66.897 ,1:28.998
19 ,71.590 ,1:30.225
9 ,71.981 ,1:49.228
12 ,73.746 ,1:29.979
5 ,0,1:28.748
28 ,1 LAP ,1:33.886
7 ,2.841 ,1:28.641
6 ,9.732 ,1:28.521
98 ,1 LAP ,1:31.562
3 ,24.348 ,1:28.804
44 ,29.261 ,1:27.961
77 ,50.433 ,1:28.826
27 ,53.028 ,1:29.180
26 ,55.857 ,1:29.249
13 ,58.892 ,1:30.307
11 ,59.306 ,1:28.638
33 ,61.338 ,1:28.831
14 ,64.425 ,1:29.407
55 ,65.013 ,1:28.970
22 ,66.916 ,1:29.474
8 ,67.507 ,1:29.358
19 ,72.762 ,1:29.920
9 ,73.369 ,1:30.136
12 ,74.542 ,1:29.544
5 ,0,1:28.288
7 ,3.291 ,1:28.738
28 ,1 LAP ,1:33.657
6 ,9.975 ,1:28.531
3 ,25.271 ,1:29.211
98 ,1 LAP ,1:33.403
44 ,PIT  ,1:30.955
77 ,51.219 ,1:29.074
27 ,53.594 ,1:28.854
26 ,56.665 ,1:29.096
13 ,62.563 ,1:31.959
33 ,62.787 ,1:29.737
14 ,65.523 ,1:29.386
55 ,66.123 ,1:29.398
22 ,68.163 ,1:29.535
8 ,68.829 ,1:29.610
11 ,71.526 ,1:40.508
19 ,74.440 ,1:29.966
9 ,75.059 ,1:29.978
12 ,75.815 ,1:29.561
5 ,0,1:28.510
7 ,3.324 ,1:28.543
28 ,1 LAP ,1:34.500
6 ,PIT  ,1:31.910
3 ,25.970 ,1:29.209
98 ,1 LAP ,1:31.799
44 ,50.588 ,1:47.170
77 ,53.428 ,1:30.719
27 ,54.502 ,1:29.418
26 ,57.954 ,1:29.799
33 ,63.051 ,1:28.774
13 ,65.394 ,1:31.341
14 ,66.194 ,1:29.181
55 ,67.065 ,1:29.452
22 ,69.436 ,1:29.783
8 ,71.014 ,1:30.695
11 ,72.269 ,1:29.253
19 ,76.104 ,1:30.174
9 ,76.764 ,1:30.215
12 ,77.257 ,1:29.952
5 ,PIT  ,1:31.463
7 ,0.090 ,1:28.229
28 ,1 LAP ,1:32.444
3 ,PIT  ,1:32.192
6 ,28.344 ,1:46.432
98 ,1 LAP ,1:32.447
44 ,46.138 ,1:27.013
77 ,51.081 ,1:29.116
27 ,52.530 ,1:29.491
26 ,55.868 ,1:29.377
33 ,61.218 ,1:29.630
13 ,64.973 ,1:31.042
14 ,65.269 ,1:30.538
55 ,65.835 ,1:30.233
22 ,67.845 ,1:29.872
8 ,70.288 ,1:30.737
11 ,70.790 ,1:29.984
19 ,74.328 ,1:29.687
9 ,75.291 ,1:29.990
12 ,75.695 ,1:29.901
7 ,PIT  ,1:31.501
5 ,14.086 ,1:45.677
28 ,1 LAP ,1:33.615
6 ,25.113 ,1:28.360
98 ,1 LAP ,1:31.670
3 ,41.536 ,1:46.428
44 ,42.182 ,1:27.635
77 ,48.585 ,1:29.095
27 ,50.216 ,1:29.277
26 ,53.813 ,1:29.536
33 ,58.681 ,1:29.054
14 ,62.994 ,1:29.316
13 ,64.940 ,1:31.558
55 ,65.249 ,1:31.005
22 ,66.486 ,1:30.232
8 ,68.213 ,1:29.516
11 ,70.047 ,1:30.848
19 ,73.040 ,1:30.303
9 ,73.795 ,1:30.095
12 ,74.334 ,1:30.230
5 ,0,1:26.877
7 ,6.117 ,1:47.080
28 ,1 LAP ,1:34.310
6 ,12.120 ,1:27.970
98 ,1 LAP ,1:31.883
3 ,28.918 ,1:28.345
44 ,29.667 ,1:28.448
77 ,36.662 ,1:29.040
27 ,39.141 ,1:29.888
26 ,42.598 ,1:29.748
33 ,47.074 ,1:29.356
14 ,51.389 ,1:29.358
55 ,53.300 ,1:29.014
13 ,55.598 ,1:31.621
22 ,55.969 ,1:30.446
8 ,57.515 ,1:30.265
11 ,58.987 ,1:29.903
19 ,62.187 ,1:30.110
9 ,63.119 ,1:30.287
12 ,63.717 ,1:30.346
5 ,0,1:27.386
7 ,5.685 ,1:26.954
6 ,13.929 ,1:29.195
28 ,1 LAP ,1:33.956
98 ,1 LAP ,1:31.723
3 ,29.910 ,1:28.378
44 ,31.511 ,1:29.230
77 ,38.333 ,1:29.057
27 ,40.671 ,1:28.916
26 ,44.762 ,1:29.550
33 ,48.568 ,1:28.880
14 ,53.222 ,1:29.219
55 ,54.812 ,1:28.898
22 ,58.091 ,1:29.508
8 ,60.498 ,1:30.369
11 ,61.512 ,1:29.911
13 ,PIT  ,1:34.876
19 ,64.683 ,1:29.882
9 ,65.551 ,1:29.818
12 ,66.385 ,1:30.054
5 ,0,1:27.367
7 ,5.925 ,1:27.607
6 ,15.617 ,1:29.055
28 ,1 LAP ,1:32.594
3 ,31.639 ,1:29.096
44 ,32.591 ,1:28.447
98 ,1 LAP ,1:33.841
77 ,40.111 ,1:29.145
27 ,42.495 ,1:29.191
26 ,47.053 ,1:29.658
33 ,50.338 ,1:29.137
14 ,55.195 ,1:29.340
55 ,56.418 ,1:28.973
22 ,60.334 ,1:29.610
8 ,62.083 ,1:28.952
11 ,64.339 ,1:30.194
19 ,67.561 ,1:30.245
9 ,68.256 ,1:30.072
12 ,69.109 ,1:30.091
13 ,PIT  ,1:47.001
5 ,0,1:27.505
7 ,6.347 ,1:27.927
6 ,16.184 ,1:28.072
28 ,1 LAP ,1:32.349
3 ,32.541 ,1:28.407
44 ,33.349 ,1:28.263
98 ,1 LAP ,1:32.169
77 ,41.933 ,1:29.327
27 ,44.461 ,1:29.471
26 ,49.984 ,1:30.436
33 ,52.146 ,1:29.313
14 ,57.144 ,1:29.454
55 ,58.345 ,1:29.432
22 ,62.480 ,1:29.651
8 ,64.259 ,1:29.681
11 ,66.778 ,1:29.944
19 ,70.620 ,1:30.564
9 ,71.096 ,1:30.345
12 ,71.757 ,1:30.153
5 ,0,1:27.548
7 ,6.921 ,1:28.122
13 ,1 LAP ,1:47.759
6 ,17.675 ,1:29.039
3 ,33.412 ,1:28.419
44 ,34.122 ,1:28.321
28 ,PIT  ,1:36.144
98 ,1 LAP ,1:32.147
77 ,44.005 ,1:29.620
27 ,46.497 ,1:29.584
26 ,52.479 ,1:30.043
33 ,53.836 ,1:29.238
14 ,59.035 ,1:29.439
55 ,60.119 ,1:29.322
22 ,64.457 ,1:29.525
8 ,66.361 ,1:29.650
11 ,69.612 ,1:30.382
9 ,73.132 ,1:29.584
19 ,74.823 ,1:31.751
12 ,75.177 ,1:30.968
5 ,0,1:28.011
7 ,7.207 ,1:28.297
13 ,1 LAP ,1:28.092
6 ,18.225 ,1:28.561
3 ,34.133 ,1:28.732
44 ,34.523 ,1:28.412
77 ,45.314 ,1:29.320
27 ,48.218 ,1:29.732
98 ,1 LAP ,1:34.057
26 ,53.909 ,1:29.441
33 ,55.067 ,1:29.242
28 ,1 LAP ,1:52.137
14 ,60.293 ,1:29.269
55 ,61.371 ,1:29.263
22 ,65.749 ,1:29.303
8 ,67.979 ,1:29.629
11 ,71.496 ,1:29.895
9 ,74.994 ,1:29.873
12 ,76.784 ,1:29.618
19 ,78.520 ,1:31.708
5 ,0,1:27.653
7 ,7.325 ,1:27.771
13 ,1 LAP ,1:27.989
6 ,18.911 ,1:28.339
44 ,34.320 ,1:27.450
3 ,36.172 ,1:29.692
77 ,46.588 ,1:28.927
27 ,49.847 ,1:29.282
98 ,1 LAP ,1:32.252
26 ,56.009 ,1:29.753
33 ,56.841 ,1:29.427
28 ,1 LAP ,1:31.005
14 ,62.643 ,1:30.003
55 ,63.771 ,1:30.053
22 ,67.307 ,1:29.211
8 ,69.540 ,1:29.214
11 ,74.360 ,1:30.517
9 ,77.249 ,1:29.908
12 ,78.866 ,1:29.735
19 ,PIT  ,1:33.361
5 ,0,1:27.822
7 ,7.427 ,1:27.924
13 ,1 LAP ,1:28.175
6 ,19.301 ,1:28.212
44 ,33.530 ,1:27.032
3 ,37.046 ,1:28.696
77 ,48.039 ,1:29.273
27 ,51.072 ,1:29.047
26 ,57.932 ,1:29.745
33 ,59.021 ,1:30.002
98 ,1 LAP ,1:33.957
14 ,64.038 ,1:29.217
55 ,66.023 ,1:30.074
28 ,1 LAP ,1:33.716
22 ,69.184 ,1:29.699
8 ,71.167 ,1:29.449
9 ,79.632 ,1:30.205
12 ,80.797 ,1:29.753
11 ,PIT  ,1:34.463
5 ,0,1:28.239
7 ,7.093 ,1:27.905
19 ,1 LAP ,1:47.240
13 ,1 LAP ,1:28.623
6 ,19.598 ,1:28.536
44 ,32.594 ,1:27.303
3 ,37.731 ,1:28.924
77 ,49.108 ,1:29.308
27 ,52.146 ,1:29.313
26 ,59.045 ,1:29.352
33 ,60.290 ,1:29.508
14 ,65.259 ,1:29.460
98 ,PIT  ,1:35.136
55 ,67.412 ,1:29.628
22 ,70.832 ,1:29.887
8 ,72.708 ,1:29.780
28 ,1 LAP ,1:33.936
9 ,81.506 ,1:30.113
12 ,83.132 ,1:30.574
5 ,0,1:27.775
7 ,7.290 ,1:27.972
11 ,1 LAP ,1:48.526
19 ,1 LAP ,1:28.757
13 ,1 LAP ,1:28.646
6 ,20.277 ,1:28.454
44 ,31.766 ,1:26.947
3 ,38.384 ,1:28.428
77 ,50.445 ,1:29.112
27 ,53.556 ,1:29.185
26 ,60.576 ,1:29.306
33 ,62.100 ,1:29.585
14 ,66.527 ,1:29.043
55 ,68.929 ,1:29.292
22 ,72.657 ,1:29.600
8 ,74.077 ,1:29.144
28 ,1 LAP ,1:32.129
9 ,83.369 ,1:29.638
5 ,0,1:27.743
12 ,PIT  ,1:32.743
98 ,2 LAPS ,1:52.929
7 ,7.192 ,1:27.645
11 ,1 LAP ,1:28.791
19 ,1 LAP ,1:28.330
13 ,1 LAP ,1:28.456
6 ,21.033 ,1:28.499
44 ,30.824 ,1:26.801
3 ,38.749 ,1:28.108
77 ,51.629 ,1:28.927
27 ,54.883 ,1:29.070
33 ,63.984 ,1:29.627
26 ,PIT  ,1:31.945
14 ,68.391 ,1:29.607
55 ,70.704 ,1:29.518
22 ,74.673 ,1:29.759
8 ,75.994 ,1:29.660
28 ,1 LAP ,1:31.664
5 ,0,1:27.769
9 ,PIT  ,1:33.569
7 ,7.960 ,1:28.537
98 ,2 LAPS ,1:33.101
11 ,1 LAP ,1:29.677
19 ,1 LAP ,1:29.134
13 ,1 LAP ,1:28.903
6 ,21.995 ,1:28.731
12 ,1 LAP ,1:51.071
44 ,30.654 ,1:27.599
3 ,39.424 ,1:28.444
77 ,53.171 ,1:29.311
27 ,56.510 ,1:29.396
33 ,65.473 ,1:29.258
14 ,70.084 ,1:29.462
55 ,73.033 ,1:30.098
22 ,76.720 ,1:29.816
8 ,PIT  ,1:32.715
26 ,83.647 ,1:46.638
28 ,1 LAP ,1:33.170
5 ,0,1:27.923
7 ,8.045 ,1:28.008
98 ,2 LAPS ,1:31.869
11 ,1 LAP ,1:30.014
19 ,1 LAP ,1:29.127
13 ,1 LAP ,1:28.969
6 ,22.953 ,1:28.881
9 ,1 LAP ,1:50.136
12 ,1 LAP ,1:29.722
44 ,30.706 ,1:27.975
3 ,39.782 ,1:28.281
77 ,54.458 ,1:29.210
27 ,57.792 ,1:29.205
33 ,66.882 ,1:29.332
14 ,71.462 ,1:29.301
55 ,74.877 ,1:29.767
22 ,PIT  ,1:32.442
26 ,82.694 ,1:26.970
5 ,0,1:27.925
28 ,2 LAPS ,1:32.920
7 ,8.351 ,1:28.231
98 ,2 LAPS ,1:32.281
8 ,1 LAP ,1:54.696
11 ,1 LAP ,1:30.929
19 ,1 LAP ,1:30.573
13 ,1 LAP ,1:30.207
6 ,23.863 ,1:28.835
9 ,1 LAP ,1:29.951
12 ,1 LAP ,1:29.967
44 ,30.857 ,1:28.076
3 ,40.444 ,1:28.587
77 ,55.818 ,1:29.285
27 ,PIT  ,1:32.095
33 ,68.527 ,1:29.570
14 ,PIT  ,1:32.104
55 ,PIT  ,1:33.448
26 ,82.005 ,1:27.236
5 ,0,1:28.055
28 ,2 LAPS ,1:31.947
7 ,8.822 ,1:28.526
22 ,1 LAP ,1:47.242
8 ,1 LAP ,1:29.526
11 ,1 LAP ,1:30.113
19 ,1 LAP ,1:30.121
98 ,2 LAPS ,1:35.194
6 ,25.609 ,1:29.801
13 ,1 LAP ,1:31.793
9 ,1 LAP ,1:29.986
12 ,1 LAP ,1:29.652
44 ,30.662 ,1:27.860
3 ,40.776 ,1:28.387
77 ,57.578 ,1:29.815
33 ,PIT  ,1:32.121
27 ,80.541 ,1:46.634
26 ,81.512 ,1:27.562
5 ,0,1:28.012
14 ,1 LAP ,1:47.803
7 ,9.106 ,1:28.296
28 ,2 LAPS ,1:32.488
55 ,1 LAP ,1:48.759
22 ,1 LAP ,1:29.863
8 ,1 LAP ,1:28.782
11 ,1 LAP ,1:30.302
6 ,26.672 ,1:29.075
19 ,1 LAP ,1:31.479
13 ,1 LAP ,1:30.103
9 ,1 LAP ,1:30.496
44 ,31.999 ,1:29.349
12 ,1 LAP ,1:32.785
98 ,2 LAPS ,1:38.483
3 ,41.193 ,1:28.429
77 ,PIT  ,1:31.918
27 ,80.603 ,1:28.074
26 ,81.056 ,1:27.556
5 ,0,1:27.802
33 ,1 LAP ,1:48.742
7 ,9.702 ,1:28.398
14 ,1 LAP ,1:30.660
55 ,1 LAP ,1:28.611
22 ,1 LAP ,1:29.889
28 ,2 LAPS ,1:33.233
8 ,1 LAP ,1:29.056
6 ,26.753 ,1:27.883
11 ,1 LAP ,1:30.959
19 ,1 LAP ,1:29.682
13 ,1 LAP ,1:29.472
9 ,1 LAP ,1:29.821
44 ,32.768 ,1:28.571
12 ,1 LAP ,1:30.190
98 ,2 LAPS ,1:32.227
3 ,42.131 ,1:28.740
77 ,81.401 ,1:47.719
27 ,82.422 ,1:29.621
26 ,83.161 ,1:29.907
5 ,0,1:28.048
33 ,1 LAP ,1:28.734
7 ,10.452 ,1:28.798
14 ,1 LAP ,1:29.507
55 ,1 LAP ,1:29.533
22 ,1 LAP ,1:29.701
28 ,2 LAPS ,1:31.772
8 ,1 LAP ,1:29.287
6 ,26.684 ,1:27.979
11 ,1 LAP ,1:29.867
19 ,1 LAP ,1:29.943
13 ,1 LAP ,1:30.127
44 ,33.392 ,1:28.672
9 ,1 LAP ,1:31.483
12 ,1 LAP ,1:30.641
3 ,43.576 ,1:29.493
98 ,2 LAPS ,1:33.710
77 ,82.458 ,1:29.105
27 ,83.467 ,1:29.093
26 ,83.924 ,1:28.811
5 ,0,1:27.790
33 ,1 LAP ,1:28.822
7 ,13.173 ,1:30.511
14 ,1 LAP ,1:29.947
55 ,1 LAP ,1:29.453
22 ,1 LAP ,1:29.676
8 ,1 LAP ,1:29.391
28 ,2 LAPS ,1:32.977
6 ,27.435 ,1:28.541
11 ,1 LAP ,1:29.825
19 ,1 LAP ,1:29.817
44 ,34.680 ,1:29.078
13 ,1 LAP ,1:31.062
9 ,1 LAP ,1:29.961
12 ,1 LAP ,1:29.940
3 ,44.639 ,1:28.853
98 ,2 LAPS ,1:32.280
77 ,83.959 ,1:29.291
27 ,84.823 ,1:29.146
26 ,85.170 ,1:29.036
5 ,0,1:28.098
33 ,1 LAP ,1:28.777
14 ,1 LAP ,1:29.589
7 ,16.986 ,1:31.911
55 ,1 LAP ,1:29.922
22 ,1 LAP ,1:37.749
6 ,PIT  ,1:35.026
8 ,1 LAP ,1:36.383
28 ,2 LAPS ,1:38.223
11 ,PIT  ,1:37.290
19 ,1 LAP ,1:38.638
44 ,PIT  ,1:38.980
13 ,PIT  ,1:38.815
9 ,PIT  ,1:41.213
12 ,1 LAP ,1:41.049
3 ,PIT  ,1:39.537
98 ,2 LAPS ,1:41.350
77 ,103.983 ,1:48.122
26 ,105.794 ,1:48.722
5 ,PIT  ,1:50.825
33 ,1 LAP ,1:50.215
14 ,1 LAP ,1:52.497
7 ,PIT  ,1:53.428
55 ,1 LAP ,1:53.334
22 ,1 LAP ,1:47.745
8 ,PIT  ,1:51.239
28 ,PIT  ,1:51.972
19 ,1 LAP ,1:49.661
6 ,52.341 ,2:08.803
12 ,PIT  ,1:50.889
11 ,1 LAP ,2:08.053
44 ,63.762 ,2:09.025
98 ,PIT  ,1:52.578
13 ,1 LAP ,2:11.122
9 ,1 LAP ,2:06.780
3 ,72.873 ,2:07.620
77 ,104.882 ,1:51.724
26 ,PIT  ,1:50.930
33 ,118.060 ,1:50.752
5 ,0,2:07.289
14 ,PIT  ,1:52.333
55 ,1 LAP ,1:52.017
22 ,1 LAP ,1:51.934
7 ,22.419 ,2:10.119
19 ,1 LAP ,1:51.856
8 ,1 LAP ,2:09.439
6 ,37.108 ,1:52.056
28 ,2 LAPS ,2:10.198
11 ,1 LAP ,1:51.059
44 ,46.179 ,1:49.706
13 ,1 LAP ,1:53.206
9 ,1 LAP ,1:53.783
12 ,1 LAP ,2:08.078
3 ,57.580 ,1:51.996
98 ,2 LAPS ,2:09.214
77 ,89.236 ,1:51.643
33 ,97.696 ,1:46.925
26 ,107.780 ,2:09.170
5 ,PIT  ,2:28.914
55 ,PIT  ,2:24.042
22 ,PIT  ,2:20.596
14 ,PIT  ,2:31.240
7 ,PIT  ,2:12.088
19 ,PIT  ,2:07.878
8 ,PIT  ,2:00.568
6 ,PIT  ,2:01.971
28 ,PIT  ,1:59.538
11 ,PIT  ,1:59.008
44 ,PIT  ,1:57.788
13 ,PIT  ,1:52.419
9 ,PIT  ,1:53.584
12 ,PIT  ,1:53.801
3 ,PIT  ,1:52.519
98 ,PIT  ,1:43.997
77 ,PIT  ,1:37.657
33 ,PIT  ,1:41.804
26 ,PIT  ,1:38.502
5 ,PIT  ,2:24.948
55 ,PIT  ,2:24.973
22 ,PIT  ,2:25.038
14 ,PIT  ,2:24.712
7 ,PIT  ,2:25.322
19 ,PIT  ,2:25.548
8 ,PIT  ,2:25.347
6 ,PIT  ,2:25.394
28 ,PIT  ,2:25.072
11 ,PIT  ,2:24.290
44 ,PIT  ,2:23.815
13 ,PIT  ,2:24.070
9 ,PIT  ,2:24.213
12 ,PIT  ,2:24.053
3 ,PIT  ,2:23.890
98 ,PIT  ,2:23.884
77 ,PIT  ,2:09.246
33 ,PIT  ,1:57.505
26 ,PIT  ,1:52.487
55 ,123.434 ,2:02.171
22 ,125.050 ,2:02.084
14 ,126.091 ,2:01.943
19 ,127.282 ,2:00.247
8 ,128.334 ,1:59.309
28 ,1 LAP, 2:01.231
13 ,133.709 ,1:58.673
9 ,134.575 ,1:57.371
12 ,135.378 ,1:56.581
98 ,1 LAP ,1:55.605
11 ,142.048 ,2:09.499
5 ,0,2:34.423
7 ,0.609 ,2:29.065
6 ,1.677 ,2:25.489
44 ,3.351 ,2:23.854
3 ,4.446 ,2:18.742
77 ,5.625 ,2:17.771
26 ,7.310 ,2:16.826
33 ,8.144 ,2:19.424
55 ,60.998 ,1:31.987
22 ,62.242 ,1:31.615
14 ,62.959 ,1:31.291
19 ,64.009 ,1:31.150
8 ,64.854 ,1:30.943
28 ,1 LAP ,1:33.952
13 ,73.330 ,1:34.044
9 ,74.046 ,1:33.894
12 ,74.794 ,1:33.839
98 ,1 LAP ,1:33.784
11 ,76.973 ,1:29.348
5 ,0,2:06.538
7 ,0.731 ,2:06.660
6 ,1.247 ,2:06.108
44 ,1.782 ,2:04.969
3 ,1.960 ,2:04.052
77 ,2.519 ,2:03.432
26 ,2.808 ,2:02.036
33 ,3.330 ,2:01.724
55 ,25.208 ,1:30.748
22 ,26.491 ,1:30.787
14 ,26.768 ,1:30.347
19 ,28.005 ,1:30.534
8 ,28.469 ,1:30.153
13 ,39.121 ,1:32.329
28 ,1 LAP ,1:34.688
9 ,41.427 ,1:33.919
12 ,41.797 ,1:33.541
98 ,1 LAP ,1:32.848
11 ,42.514 ,1:32.079
5 ,0,1:28.232
6 ,1.266 ,1:28.251
7 ,3.098 ,1:30.599
3 ,3.957 ,1:30.229
26 ,5.753 ,1:31.177
44 ,8.638 ,1:35.088
33 ,9.563 ,1:34.465
55 ,26.306 ,1:29.330
14 ,27.571 ,1:29.035
22 ,29.040 ,1:30.781
19 ,29.680 ,1:29.907
8 ,30.031 ,1:29.794
77 ,PIT  ,2:01.356
13 ,38.532 ,1:27.643
9 ,41.834 ,1:28.639
12 ,43.015 ,1:29.450
11 ,43.740 ,1:29.458
98 ,1 LAP ,1:33.059
28 ,1 LAP ,1:35.483
5 ,0,1:27.439
6 ,1.221 ,1:27.394
7 ,4.717 ,1:29.058
3 ,5.070 ,1:28.552
26 ,6.223 ,1:27.909
44 ,11.289 ,1:30.090
33 ,12.475 ,1:30.351
55 ,28.122 ,1:29.255
14 ,28.765 ,1:28.633
22 ,31.125 ,1:29.524
19 ,32.229 ,1:29.988
8 ,32.761 ,1:30.169
13 ,38.451 ,1:27.358
9 ,42.790 ,1:28.395
12 ,44.114 ,1:28.538
11 ,44.946 ,1:28.645
98 ,1 LAP ,1:30.596
28 ,1 LAP ,1:32.403
77 ,63.289 ,1:55.085
5 ,0,1:27.122
6 ,1.417 ,1:27.318
3 ,4.909 ,1:26.961
7 ,7.061 ,1:29.466
26 ,7.190 ,1:28.089
33 ,14.341 ,1:28.988
44 ,PIT  ,1:32.414
55 ,30.247 ,1:29.247
14 ,30.675 ,1:29.032
22 ,33.254 ,1:29.251
19 ,34.231 ,1:29.124
8 ,34.630 ,1:28.991
13 ,38.563 ,1:27.234
9 ,43.755 ,1:28.087
12 ,45.260 ,1:28.268
11 ,46.323 ,1:28.499
98 ,1 LAP ,1:30.365
28 ,1 LAP ,1:32.042
77 ,63.225 ,1:27.058
5 ,0,1:27.095
6 ,1.239 ,1:26.917
3 ,4.322 ,1:26.508
26 ,6.919 ,1:26.824
7 ,PIT  ,1:33.032
33 ,15.461 ,1:28.215
55 ,32.998 ,1:29.846
14 ,33.476 ,1:29.896
22 ,35.718 ,1:29.559
19 ,36.668 ,1:29.532
8 ,37.003 ,1:29.468
13 ,39.366 ,1:27.898
44 ,41.194 ,1:51.708
9 ,45.362 ,1:28.702
12 ,46.777 ,1:28.612
11 ,48.195 ,1:28.967
98 ,1 LAP ,1:30.843
28 ,1 LAP ,1:32.139
77 ,64.004 ,1:27.874
5 ,0,1:27.434
6 ,0.888 ,1:27.083
3 ,3.511 ,1:26.623
26 ,6.796 ,1:27.311
33 ,16.537 ,1:28.510
55 ,34.659 ,1:29.095
14 ,35.244 ,1:29.202
22 ,37.605 ,1:29.321
19 ,39.451 ,1:30.217
8 ,39.762 ,1:30.193
13 ,40.382 ,1:28.450
44 ,40.668 ,1:26.908
9 ,46.108 ,1:28.180
12 ,48.096 ,1:28.753
11 ,PIT  ,1:36.273
98 ,1 LAP ,1:30.862
77 ,64.984 ,1:28.414
28 ,1 LAP ,1:33.612
7 ,70.877 ,2:25.313
5 ,0,1:27.482
6 ,1.078 ,1:27.672
3 ,2.823 ,1:26.794
26 ,6.193 ,1:26.879
33 ,17.501 ,1:28.446
55 ,36.099 ,1:28.922
14 ,36.671 ,1:28.909
22 ,39.114 ,1:28.991
8 ,40.911 ,1:28.631
13 ,43.504 ,1:30.604
19 ,PIT  ,1:33.557
44 ,PIT  ,1:33.485
9 ,47.096 ,1:28.470
12 ,49.438 ,1:28.824
98 ,1 LAP ,1:30.876
77 ,66.312 ,1:28.810
7 ,73.096 ,1:29.701
28 ,1 LAP ,1:33.580
5 ,0,1:27.357
6 ,1.290 ,1:27.569
3 ,2.216 ,1:26.750
26 ,5.597 ,1:26.761
33 ,18.609 ,1:28.465
14 ,38.427 ,1:29.113
55 ,39.675 ,1:30.933
22 ,40.948 ,1:29.191
8 ,41.961 ,1:28.407
13 ,43.667 ,1:27.520
9 ,47.795 ,1:28.056
12 ,50.386 ,1:28.305
44 ,58.715 ,1:39.401
19 ,64.364 ,1:46.195
98 ,1 LAP ,1:30.969
77 ,68.151 ,1:29.196
7 ,PIT  ,1:32.339
28 ,PIT  ,1:35.434
5 ,0,1:27.283
6 ,1.370 ,1:27.363
3 ,2.191 ,1:27.258
26 ,5.025 ,1:26.711
33 ,PIT  ,1:30.692
14 ,39.761 ,1:28.617
55 ,42.424 ,1:30.032
22 ,43.158 ,1:29.493
8 ,43.543 ,1:28.865
13 ,44.399 ,1:28.015
9 ,49.023 ,1:28.511
12 ,51.396 ,1:28.293
44 ,57.303 ,1:25.871
19 ,64.798 ,1:27.717
77 ,69.101 ,1:28.233
98 ,1 LAP ,1:31.479
5 ,0,1:27.379
6 ,1.444 ,1:27.453
3 ,1.925 ,1:27.113
26 ,4.165 ,1:26.519
28 ,2 LAPS ,1:51.142
33 ,35.333 ,1:40.694
14 ,41.053 ,1:28.671
8 ,45.452 ,1:29.288
55 ,47.245 ,1:32.200
22 ,47.814 ,1:32.035
13 ,48.298 ,1:31.278
9 ,50.290 ,1:28.646
12 ,52.395 ,1:28.378
44 ,56.020 ,1:26.096
19 ,64.691 ,1:27.272
77 ,69.680 ,1:27.958
98 ,1 LAP ,1:30.132
5 ,0,1:27.265
6 ,1.274 ,1:27.095
3 ,1.949 ,1:27.289
26 ,4.143 ,1:27.243
28 ,2 LAPS ,1:29.543
33 ,36.131 ,1:28.063
14 ,41.758 ,1:27.970
8 ,46.525 ,1:28.338
22 ,49.867 ,1:29.318
55 ,52.072 ,1:32.092
9 ,52.493 ,1:29.468
12 ,53.786 ,1:28.656
13 ,PIT  ,1:32.779
44 ,55.250 ,1:26.495
19 ,64.656 ,1:27.230
77 ,70.583 ,1:28.168
98 ,1 LAP ,1:30.724
5 ,0,1:27.196
6 ,1.228 ,1:27.150
3 ,1.768 ,1:27.015
26 ,4.529 ,1:27.582
28 ,2 LAPS ,1:30.318
33 ,37.105 ,1:28.170
14 ,42.735 ,1:28.173
8 ,47.445 ,1:28.116
22 ,51.385 ,1:28.714
9 ,54.022 ,1:28.725
55 ,55.295 ,1:30.419
12 ,55.763 ,1:29.173
44 ,56.166 ,1:28.112
19 ,64.324 ,1:26.864
13 ,67.433 ,1:40.817
77 ,71.435 ,1:28.048
98 ,1 LAP ,1:30.377
5 ,0,1:27.221
6 ,1.231 ,1:27.224
3 ,1.852 ,1:27.305
26 ,4.225 ,1:26.917
28 ,2 LAPS ,1:30.179
33 ,37.739 ,1:27.855
14 ,43.479 ,1:27.965
8 ,48.304 ,1:28.080
22 ,52.838 ,1:28.674
9 ,54.805 ,1:28.004
12 ,57.180 ,1:28.638
44 ,57.438 ,1:28.493
19 ,64.392 ,1:27.289
13 ,67.957 ,1:27.745
77 ,71.647 ,1:27.433
55 ,PIT  ,1:44.050
98 ,1 LAP ,1:29.868
5 ,0,1:27.074
6 ,1.310 ,1:27.153
3 ,1.893 ,1:27.115
26 ,3.863 ,1:26.712
28 ,2 LAPS ,1:30.246
33 ,38.344 ,1:27.679
14 ,43.959 ,1:27.554
8 ,49.443 ,1:28.213
22 ,54.332 ,1:28.568
9 ,56.073 ,1:28.342
44 ,56.376 ,1:26.012
12 ,58.745 ,1:28.639
19 ,64.538 ,1:27.220
13 ,68.181 ,1:27.298
77 ,72.256 ,1:27.683
5 ,0,1:27.344
98 ,2 LAPS ,1:31.213
6 ,1.018 ,1:27.052
3 ,1.686 ,1:27.137
26 ,3.632 ,1:27.113
28 ,2 LAPS ,1:29.838
33 ,38.650 ,1:27.650
14 ,44.105 ,1:27.490
8 ,50.311 ,1:28.212
22 ,55.603 ,1:28.615
44 ,55.970 ,1:26.938
9 ,58.014 ,1:29.285
12 ,59.712 ,1:28.311
19 ,64.219 ,1:27.025
13 ,67.967 ,1:27.130
77 ,72.894 ,1:27.982
5 ,0,1:26.772
6 ,1.425 ,1:27.179
3 ,1.930 ,1:27.016
26 ,4.144 ,1:27.284
98 ,2 LAPS ,1:32.860
28 ,2 LAPS ,1:30.044
33 ,39.537 ,1:27.659
14 ,45.050 ,1:27.717
8 ,51.654 ,1:28.115
44 ,55.037 ,1:25.839
22 ,58.255 ,1:29.424
9 ,59.745 ,1:28.503
12 ,61.546 ,1:28.606
19 ,64.990 ,1:27.543
13 ,68.619 ,1:27.424
77 ,74.406 ,1:28.284
5 ,0,1:27.038
26 ,5.833 ,1:28.727
3 ,PIT  ,1:32.601
98 ,2 LAPS ,1:31.411
33 ,40.920 ,1:28.421
6 ,PIT  ,2:07.418
28 ,2 LAPS ,1:31.879
14 ,46.079 ,1:28.067
8 ,52.818 ,1:28.202
44 ,54.177 ,1:26.178
22 ,60.092 ,1:28.875
9 ,61.489 ,1:28.782
12 ,63.684 ,1:29.176
19 ,65.859 ,1:27.907
13 ,69.263 ,1:27.682
77 ,76.185 ,1:28.817
5 ,0,1:27.358
26 ,5.843 ,1:27.368
98 ,2 LAPS ,1:30.858
3 ,33.429 ,1:53.294
33 ,41.308 ,1:27.746
28 ,2 LAPS ,1:30.357
14 ,47.331 ,1:28.610
8 ,53.654 ,1:28.194
44 ,54.068 ,1:27.249
22 ,61.269 ,1:28.535
9 ,62.904 ,1:28.773
6 ,63.080 ,1:48.633
12 ,65.638 ,1:29.312
19 ,68.536 ,1:30.035
13 ,69.520 ,1:27.615
77 ,76.873 ,1:28.046
5 ,0,1:27.340
26 ,5.604 ,1:27.101
98 ,2 LAPS ,1:30.794
3 ,31.404 ,1:25.315
33 ,41.841 ,1:27.873
14 ,48.616 ,1:28.625
28 ,2 LAPS ,1:33.980
8 ,55.073 ,1:28.759
44 ,55.391 ,1:28.663
22 ,62.755 ,1:28.826
6 ,62.927 ,1:27.187
9 ,64.885 ,1:29.321
12 ,67.843 ,1:29.545
19 ,69.809 ,1:28.613
13 ,70.704 ,1:28.524
77 ,77.526 ,1:27.993
5 ,0,1:27.547
26 ,5.508 ,1:27.451
98 ,2 LAPS ,1:30.393
3 ,28.873 ,1:25.016
33 ,42.201 ,1:27.907
14 ,48.380 ,1:27.311
44 ,55.028 ,1:27.184
8 ,57.050 ,1:29.524
6 ,60.633 ,1:25.253
22 ,64.486 ,1:29.278
9 ,66.170 ,1:28.832
12 ,69.469 ,1:29.173
19 ,70.495 ,1:28.233
13 ,71.258 ,1:28.101
77 ,79.248 ,1:29.269
28 ,PIT  ,1:55.511
5 ,0,1:27.211
26 ,5.841 ,1:27.544
98 ,2 LAPS ,1:30.403
3 ,26.483 ,1:24.821
33 ,43.319 ,1:28.329
14 ,49.145 ,1:27.976
44 ,53.544 ,1:25.727
8 ,57.978 ,1:28.139
6 ,58.571 ,1:25.149
22 ,66.176 ,1:28.901
9 ,67.853 ,1:28.894
12 ,71.627 ,1:29.369
19 ,72.432 ,1:29.148
13 ,73.020 ,1:28.973
77 ,79.891 ,1:27.854
5 ,0,1:28.010
26 ,5.748 ,1:27.917
3 ,25.084 ,1:26.611
98 ,2 LAPS ,1:31.768
33 ,44.251 ,1:28.942
14 ,49.079 ,1:27.944
44 ,52.025 ,1:26.491
8 ,58.578 ,1:28.610
6 ,58.876 ,1:28.315
22 ,67.028 ,1:28.862
9 ,69.130 ,1:29.287
12 ,73.458 ,1:29.841
19 ,74.278 ,1:29.856
13 ,75.142 ,1:30.132
77 ,80.228 ,1:28.347
