44 ,0,1:26.226
6 ,0.884 ,1:27.110
5 ,1.618 ,1:27.844
26 ,2.767 ,1:28.993
3 ,3.471 ,1:29.697
7 ,4.456 ,1:30.682
11 ,5.565 ,1:31.791
13 ,7.664 ,1:33.890
33 ,7.837 ,1:34.063
22 ,8.579 ,1:34.805
14 ,9.211 ,1:35.437
12 ,9.764 ,1:35.990
8 ,10.606 ,1:36.832
77 ,11.323 ,1:37.549
9 ,12.213 ,1:38.439
28 ,14.098 ,1:40.324
55 ,14.258 ,1:40.484
98 ,15.442 ,1:41.668
27 ,PIT  ,2:26.277
44 ,0,1:20.852
6 ,1.527 ,1:21.495
5 ,2.566 ,1:21.800
26 ,3.718 ,1:21.803
19 ,PIT  ,2:51.051
3 ,4.711 ,1:22.092
7 ,6.108 ,1:22.504
11 ,7.272 ,1:22.559
13 ,9.519 ,1:22.707
33 ,10.212 ,1:23.227
22 ,11.291 ,1:23.564
14 ,12.413 ,1:24.054
12 ,13.011 ,1:24.099
8 ,14.104 ,1:24.350
77 ,15.072 ,1:24.601
9 ,16.040 ,1:24.679
55 ,16.352 ,1:22.946
28 ,19.610 ,1:26.364
98 ,20.559 ,1:25.969
27 ,62.905 ,1:23.706
44 ,0,1:20.720
6 ,1.795 ,1:20.988
5 ,3.056 ,1:21.210
26 ,4.515 ,1:21.517
3 ,5.706 ,1:21.715
7 ,7.392 ,1:22.004
11 ,9.096 ,1:22.544
13 ,11.070 ,1:22.271
33 ,11.716 ,1:22.224
22 ,13.781 ,1:23.210
19 ,1 LAP ,1:30.617
14 ,14.907 ,1:23.214
12 ,15.572 ,1:23.281
8 ,16.731 ,1:23.347
77 ,17.544 ,1:23.192
9 ,18.508 ,1:23.188
55 ,19.035 ,1:23.403
28 ,23.724 ,1:24.834
98 ,24.841 ,1:25.002
27 ,62.405 ,1:20.220
44 ,0,1:20.241
6 ,2.242 ,1:20.688
5 ,3.964 ,1:21.149
26 ,5.426 ,1:21.152
3 ,7.068 ,1:21.603
7 ,8.782 ,1:21.631
11 ,10.289 ,1:21.434
13 ,13.297 ,1:22.468
33 ,13.684 ,1:22.209
22 ,15.616 ,1:22.076
14 ,17.814 ,1:23.148
12 ,18.636 ,1:23.305
8 ,20.635 ,1:24.145
19 ,1 LAP ,1:27.304
77 ,21.110 ,1:23.807
9 ,21.905 ,1:23.638
55 ,22.443 ,1:23.649
28 ,27.678 ,1:24.195
98 ,29.081 ,1:24.481
27 ,62.698 ,1:20.534
44 ,0,1:20.383
6 ,2.397 ,1:20.538
5 ,4.401 ,1:20.820
26 ,6.093 ,1:21.050
3 ,8.200 ,1:21.515
7 ,9.689 ,1:21.290
11 ,11.366 ,1:21.460
13 ,17.637 ,1:24.723
33 ,17.804 ,1:24.503
22 ,18.446 ,1:23.213
14 ,20.235 ,1:22.804
12 ,20.878 ,1:22.625
8 ,22.743 ,1:22.491
77 ,23.750 ,1:23.023
9 ,24.617 ,1:23.095
55 ,25.764 ,1:23.704
19 ,1 LAP ,1:26.522
28 ,32.263 ,1:24.968
98 ,33.388 ,1:24.690
27 ,63.291 ,1:20.976
44 ,0,1:21.588
6 ,2.210 ,1:21.401
5 ,3.975 ,1:21.162
26 ,6.037 ,1:21.532
3 ,8.369 ,1:21.757
7 ,9.557 ,1:21.456
11 ,11.343 ,1:21.565
33 ,18.770 ,1:22.554
22 ,24.349 ,1:27.491
14 ,25.048 ,1:26.401
12 ,26.172 ,1:26.882
8 ,26.653 ,1:25.498
77 ,27.167 ,1:25.005
9 ,27.758 ,1:24.729
55 ,28.250 ,1:24.074
19 ,1 LAP ,1:23.501
28 ,34.987 ,1:24.312
98 ,36.017 ,1:24.217
27 ,62.446 ,1:20.743
44 ,0,1:20.450
6 ,2.450 ,1:20.690
5 ,4.908 ,1:21.383
26 ,7.055 ,1:21.468
3 ,9.614 ,1:21.695
7 ,10.905 ,1:21.798
11 ,12.307 ,1:21.414
33 ,20.451 ,1:22.131
22 ,24.989 ,1:21.090
14 ,27.118 ,1:22.520
12 ,28.465 ,1:22.743
8 ,29.714 ,1:23.511
77 ,30.704 ,1:23.987
9 ,31.552 ,1:24.244
55 ,32.379 ,1:24.579
19 ,1 LAP ,1:24.387
28 ,39.202 ,1:24.665
98 ,40.234 ,1:24.667
27 ,62.868 ,1:20.872
44 ,0,1:20.187
6 ,2.798 ,1:20.535
5 ,5.054 ,1:20.333
26 ,7.542 ,1:20.674
3 ,10.409 ,1:20.982
7 ,11.847 ,1:21.129
11 ,13.409 ,1:21.289
33 ,21.278 ,1:21.014
22 ,25.787 ,1:20.985
14 ,28.487 ,1:21.556
12 ,30.305 ,1:22.027
8 ,31.902 ,1:22.375
77 ,33.240 ,1:22.723
9 ,34.001 ,1:22.636
55 ,34.640 ,1:22.448
19 ,1 LAP ,1:22.730
28 ,43.927 ,1:24.912
98 ,44.709 ,1:24.662
27 ,63.615 ,1:20.934
44 ,0,1:20.288
6 ,3.135 ,1:20.625
5 ,4.958 ,1:20.192
26 ,7.978 ,1:20.724
3 ,10.754 ,1:20.633
7 ,12.518 ,1:20.959
11 ,14.302 ,1:21.181
33 ,21.925 ,1:20.935
22 ,26.241 ,1:20.742
14 ,29.370 ,1:21.171
12 ,31.741 ,1:21.724
8 ,33.334 ,1:21.720
77 ,35.311 ,1:22.359
9 ,36.191 ,1:22.478
55 ,37.035 ,1:22.683
19 ,1 LAP ,1:22.368
28 ,48.106 ,1:24.467
98 ,49.014 ,1:24.593
27 ,64.110 ,1:20.783
44 ,0,1:20.301
6 ,3.114 ,1:20.280
5 ,5.077 ,1:20.420
26 ,8.690 ,1:21.013
3 ,10.985 ,1:20.532
7 ,12.792 ,1:20.575
11 ,15.019 ,1:21.018
33 ,22.156 ,1:20.532
22 ,26.689 ,1:20.749
14 ,30.073 ,1:21.004
12 ,32.603 ,1:21.163
8 ,34.584 ,1:21.551
77 ,36.763 ,1:21.753
9 ,37.987 ,1:22.097
55 ,38.895 ,1:22.161
19 ,1 LAP ,1:22.638
28 ,51.882 ,1:24.077
98 ,52.867 ,1:24.154
27 ,64.505 ,1:20.696
44 ,0,1:20.343
6 ,3.038 ,1:20.267
5 ,4.991 ,1:20.257
26 ,8.960 ,1:20.613
3 ,11.076 ,1:20.434
7 ,13.012 ,1:20.563
11 ,15.742 ,1:21.066
33 ,22.301 ,1:20.488
22 ,27.417 ,1:21.071
14 ,31.013 ,1:21.283
12 ,33.831 ,1:21.571
8 ,35.477 ,1:21.236
77 ,38.527 ,1:22.107
9 ,39.511 ,1:21.867
55 ,41.014 ,1:22.462
19 ,1 LAP ,1:22.202
28 ,55.879 ,1:24.340
98 ,57.221 ,1:24.697
27 ,64.959 ,1:20.797
44 ,0,1:20.844
6 ,2.679 ,1:20.485
5 ,4.637 ,1:20.490
26 ,8.603 ,1:20.487
3 ,10.831 ,1:20.599
7 ,12.864 ,1:20.696
11 ,16.322 ,1:21.424
33 ,22.059 ,1:20.602
22 ,27.291 ,1:20.718
14 ,31.232 ,1:21.063
12 ,33.750 ,1:20.763
8 ,35.753 ,1:21.120
77 ,39.367 ,1:21.684
9 ,40.612 ,1:21.945
19 ,1 LAP ,1:22.269
28 ,59.317 ,1:24.282
55 ,PIT  ,1:39.645
98 ,60.769 ,1:24.392
27 ,64.917 ,1:20.802
44 ,0,1:20.564
6 ,2.655 ,1:20.540
5 ,4.274 ,1:20.201
26 ,8.782 ,1:20.743
3 ,11.498 ,1:21.231
7 ,13.098 ,1:20.798
11 ,16.974 ,1:21.216
33 ,21.876 ,1:20.381
22 ,27.475 ,1:20.748
14 ,31.810 ,1:21.142
12 ,34.238 ,1:21.052
8 ,36.352 ,1:21.163
77 ,40.774 ,1:21.971
9 ,42.159 ,1:22.111
19 ,1 LAP ,1:21.300
28 ,62.690 ,1:23.937
98 ,64.605 ,1:24.400
55 ,64.627 ,1:25.376
27 ,65.835 ,1:21.482
44 ,0,1:20.855
6 ,2.473 ,1:20.673
5 ,3.865 ,1:20.446
26 ,9.235 ,1:21.308
3 ,11.612 ,1:20.969
7 ,12.677 ,1:20.434
11 ,16.867 ,1:20.748
33 ,22.076 ,1:21.055
22 ,27.781 ,1:21.161
14 ,32.175 ,1:21.220
12 ,34.541 ,1:21.158
8 ,36.306 ,1:20.809
19 ,1 LAP ,1:21.567
77 ,PIT  ,1:38.823
9 ,PIT  ,1:40.189
55 ,64.901 ,1:21.129
28 ,67.156 ,1:25.321
98 ,69.147 ,1:25.397
27 ,69.209 ,1:24.229
44 ,0,1:20.423
6 ,2.573 ,1:20.523
5 ,4.080 ,1:20.638
26 ,9.338 ,1:20.526
3 ,11.886 ,1:20.697
7 ,13.266 ,1:21.012
11 ,16.945 ,1:20.501
33 ,22.256 ,1:20.603
22 ,27.968 ,1:20.610
14 ,32.834 ,1:21.082
12 ,35.111 ,1:20.993
8 ,36.966 ,1:21.083
19 ,1 LAP ,1:21.419
77 ,62.099 ,1:23.780
9 ,65.601 ,1:24.531
55 ,66.331 ,1:21.853
28 ,71.771 ,1:25.038
27 ,71.907 ,1:23.121
98 ,73.700 ,1:24.976
44 ,0,1:20.502
6 ,2.734 ,1:20.663
5 ,4.127 ,1:20.549
26 ,9.530 ,1:20.694
3 ,12.346 ,1:20.962
7 ,13.613 ,1:20.849
11 ,17.223 ,1:20.780
33 ,22.649 ,1:20.895
22 ,28.204 ,1:20.738
14 ,33.425 ,1:21.093
12 ,35.883 ,1:21.274
8 ,37.442 ,1:20.978
19 ,1 LAP ,1:21.072
77 ,61.849 ,1:20.252
9 ,66.031 ,1:20.932
55 ,67.589 ,1:21.760
27 ,72.559 ,1:21.154
28 ,76.809 ,1:25.540
98 ,77.579 ,1:24.381
44 ,0,1:20.077
6 ,3.370 ,1:20.713
5 ,4.516 ,1:20.466
26 ,10.045 ,1:20.592
3 ,12.988 ,1:20.719
7 ,14.669 ,1:21.133
11 ,18.111 ,1:20.965
33 ,22.889 ,1:20.317
22 ,28.864 ,1:20.737
14 ,34.163 ,1:20.815
12 ,36.584 ,1:20.778
19 ,1 LAP ,1:21.178
8 ,PIT  ,1:38.671
77 ,61.955 ,1:20.183
9 ,66.866 ,1:20.912
55 ,68.694 ,1:21.182
27 ,73.362 ,1:20.880
44 ,0,1:21.465
28 ,1 LAP ,1:25.666
6 ,2.789 ,1:20.884
98 ,1 LAP ,1:26.825
5 ,4.000 ,1:20.949
26 ,9.145 ,1:20.565
3 ,12.590 ,1:21.067
7 ,13.713 ,1:20.509
11 ,17.204 ,1:20.558
33 ,22.163 ,1:20.739
22 ,28.065 ,1:20.666
14 ,33.326 ,1:20.628
19 ,1 LAP ,1:21.049
12 ,PIT  ,1:39.697
8 ,58.325 ,1:23.754
77 ,61.013 ,1:20.523
9 ,66.667 ,1:21.266
55 ,68.664 ,1:21.435
27 ,72.575 ,1:20.678
44 ,0,1:20.264
6 ,4.059 ,1:21.534
5 ,5.727 ,1:21.991
28 ,1 LAP ,1:27.284
98 ,1 LAP ,1:26.571
26 ,9.882 ,1:21.001
3 ,13.075 ,1:20.749
7 ,14.657 ,1:21.208
11 ,17.859 ,1:20.919
33 ,22.426 ,1:20.527
22 ,28.581 ,1:20.780
14 ,33.830 ,1:20.768
19 ,1 LAP ,1:21.317
12 ,60.648 ,1:26.096
8 ,61.420 ,1:23.359
77 ,62.054 ,1:21.305
9 ,68.855 ,1:22.452
55 ,70.003 ,1:21.603
27 ,73.346 ,1:21.035
44 ,0,1:20.124
6 ,4.187 ,1:20.252
5 ,5.847 ,1:20.244
26 ,11.496 ,1:21.738
28 ,1 LAP ,1:26.650
3 ,14.702 ,1:21.751
7 ,15.901 ,1:21.368
11 ,18.931 ,1:21.196
98 ,1 LAP ,1:30.085
33 ,23.018 ,1:20.716
22 ,29.225 ,1:20.768
14 ,34.670 ,1:20.964
19 ,1 LAP ,1:21.257
12 ,61.313 ,1:20.789
8 ,62.845 ,1:21.549
77 ,63.813 ,1:21.883
9 ,70.250 ,1:21.519
55 ,71.402 ,1:21.523
27 ,74.222 ,1:21.000
44 ,0,1:19.869
6 ,4.334 ,1:20.016
5 ,5.980 ,1:20.002
26 ,12.020 ,1:20.393
3 ,15.475 ,1:20.642
7 ,16.794 ,1:20.762
11 ,20.641 ,1:21.579
28 ,1 LAP ,1:28.769
33 ,24.494 ,1:21.345
98 ,1 LAP ,1:26.251
22 ,30.221 ,1:20.865
14 ,35.655 ,1:20.854
19 ,1 LAP ,1:21.036
12 ,61.890 ,1:20.446
8 ,64.082 ,1:21.106
77 ,65.188 ,1:21.244
9 ,71.584 ,1:21.203
55 ,72.860 ,1:21.327
27 ,75.813 ,1:21.460
44 ,0,1:19.872
6 ,4.478 ,1:20.016
5 ,6.183 ,1:20.075
26 ,12.467 ,1:20.319
3 ,16.177 ,1:20.574
7 ,17.555 ,1:20.633
11 ,22.319 ,1:21.550
33 ,25.515 ,1:20.893
28 ,1 LAP ,1:26.460
98 ,1 LAP ,1:25.020
22 ,31.505 ,1:21.156
14 ,36.785 ,1:21.002
19 ,1 LAP ,1:21.504
12 ,62.905 ,1:20.887
8 ,65.586 ,1:21.376
77 ,66.624 ,1:21.308
9 ,72.538 ,1:20.826
55 ,73.944 ,1:20.956
27 ,76.705 ,1:20.764
44 ,0,1:19.807
6 ,4.691 ,1:20.020
5 ,6.418 ,1:20.042
26 ,13.583 ,1:20.923
3 ,17.233 ,1:20.863
7 ,18.239 ,1:20.491
11 ,23.451 ,1:20.939
33 ,26.115 ,1:20.407
22 ,34.194 ,1:22.496
28 ,1 LAP ,1:26.206
98 ,1 LAP ,1:26.534
14 ,38.290 ,1:21.312
19 ,1 LAP ,1:21.188
12 ,64.449 ,1:21.351
8 ,66.919 ,1:21.140
77 ,68.144 ,1:21.327
9 ,77.528 ,1:24.797
55 ,77.775 ,1:23.638
27 ,78.587 ,1:21.689
44 ,0,1:20.129
6 ,4.691 ,1:20.129
5 ,6.360 ,1:20.071
26 ,14.126 ,1:20.672
3 ,18.035 ,1:20.931
7 ,19.036 ,1:20.926
11 ,24.323 ,1:21.001
33 ,26.291 ,1:20.305
22 ,34.862 ,1:20.797
14 ,40.123 ,1:21.962
28 ,1 LAP ,1:26.796
98 ,1 LAP ,1:26.003
19 ,1 LAP ,1:21.610
12 ,65.369 ,1:21.049
8 ,67.367 ,1:20.577
77 ,68.853 ,1:20.838
9 ,79.554 ,1:22.155
44 ,0,1:21.177
55 ,1 LAP ,1:23.545
27 ,1 LAP ,1:23.788
6 ,4.298 ,1:20.784
5 ,5.816 ,1:20.633
26 ,13.705 ,1:20.756
3 ,17.335 ,1:20.477
7 ,18.381 ,1:20.522
11 ,23.989 ,1:20.843
33 ,25.451 ,1:20.337
22 ,34.365 ,1:20.680
14 ,39.794 ,1:20.848
98 ,1 LAP ,1:24.059
28 ,1 LAP ,1:26.399
19 ,1 LAP ,1:21.152
12 ,65.214 ,1:21.022
8 ,67.003 ,1:20.813
77 ,68.538 ,1:20.862
44 ,0,1:20.755
9 ,1 LAP ,1:24.029
55 ,1 LAP ,1:23.115
27 ,1 LAP ,1:22.497
6 ,4.396 ,1:20.853
5 ,5.834 ,1:20.773
26 ,13.938 ,1:20.988
3 ,17.236 ,1:20.656
7 ,18.154 ,1:20.528
11 ,23.989 ,1:20.755
33 ,25.399 ,1:20.703
22 ,34.325 ,1:20.715
14 ,39.911 ,1:20.872
98 ,1 LAP ,1:24.259
28 ,1 LAP ,1:24.676
19 ,1 LAP ,1:21.515
12 ,66.303 ,1:21.844
8 ,67.796 ,1:21.548
77 ,68.948 ,1:21.165
44 ,0,1:19.876
9 ,1 LAP ,1:21.908
55 ,1 LAP ,1:21.860
27 ,1 LAP ,1:22.366
6 ,6.045 ,1:21.525
5 ,7.002 ,1:21.044
26 ,15.685 ,1:21.623
3 ,18.157 ,1:20.797
7 ,19.172 ,1:20.894
11 ,25.325 ,1:21.212
33 ,26.510 ,1:20.987
22 ,35.196 ,1:20.747
14 ,40.698 ,1:20.663
98 ,1 LAP ,1:24.258
28 ,1 LAP ,1:24.416
19 ,1 LAP ,1:21.921
12 ,66.701 ,1:20.274
8 ,68.939 ,1:21.019
77 ,70.306 ,1:21.234
44 ,0,1:19.903
9 ,1 LAP ,1:21.468
55 ,1 LAP ,1:21.576
6 ,7.392 ,1:21.250
5 ,8.370 ,1:21.271
27 ,1 LAP ,1:24.464
3 ,19.213 ,1:20.959
7 ,19.897 ,1:20.628
11 ,26.717 ,1:21.295
33 ,27.823 ,1:21.216
26 ,PIT  ,1:39.072
22 ,36.216 ,1:20.923
14 ,41.635 ,1:20.840
98 ,1 LAP ,1:24.790
19 ,1 LAP ,1:24.298
28 ,1 LAP ,1:26.973
12 ,67.440 ,1:20.642
8 ,70.140 ,1:21.104
77 ,71.420 ,1:21.017
44 ,0,1:19.854
9 ,1 LAP ,1:21.117
55 ,1 LAP ,1:21.059
6 ,8.180 ,1:20.642
5 ,9.486 ,1:20.970
27 ,1 LAP ,1:21.353
3 ,19.829 ,1:20.470
7 ,20.671 ,1:20.628
11 ,27.900 ,1:21.037
22 ,37.281 ,1:20.919
26 ,39.152 ,1:24.152
14 ,43.283 ,1:21.502
98 ,1 LAP ,1:24.309
19 ,1 LAP ,1:21.953
12 ,68.851 ,1:21.265
28 ,1 LAP ,1:26.974
8 ,72.059 ,1:21.773
77 ,73.010 ,1:21.444
33 ,PIT  ,2:06.104
44 ,0,1:19.748
9 ,1 LAP ,1:20.980
6 ,9.058 ,1:20.626
5 ,10.670 ,1:20.932
55 ,1 LAP ,1:24.189
27 ,1 LAP ,1:21.597
3 ,20.609 ,1:20.528
7 ,21.608 ,1:20.685
11 ,29.091 ,1:20.939
22 ,38.144 ,1:20.611
26 ,39.829 ,1:20.425
14 ,44.597 ,1:21.062
98 ,1 LAP ,1:24.225
19 ,1 LAP ,1:23.925
12 ,70.299 ,1:21.196
8 ,74.029 ,1:21.718
77 ,75.555 ,1:22.293
33 ,78.645 ,1:24.320
44 ,0,1:21.014
28 ,2 LAPS ,1:30.588
6 ,8.547 ,1:20.503
5 ,10.047 ,1:20.391
9 ,1 LAP ,1:24.797
55 ,1 LAP ,1:21.401
27 ,1 LAP ,1:21.449
3 ,20.508 ,1:20.913
7 ,21.016 ,1:20.422
11 ,29.421 ,1:21.344
22 ,38.039 ,1:20.909
26 ,39.196 ,1:20.381
14 ,44.172 ,1:20.589
98 ,1 LAP ,1:24.445
12 ,71.320 ,1:22.035
19 ,1 LAP ,1:25.009
8 ,74.209 ,1:21.194
77 ,75.605 ,1:21.064
33 ,77.968 ,1:20.337
44 ,0,1:20.148
28 ,2 LAPS ,1:26.568
6 ,8.336 ,1:19.937
5 ,10.162 ,1:20.263
9 ,1 LAP ,1:21.314
55 ,1 LAP ,1:21.755
3 ,21.314 ,1:20.954
7 ,21.878 ,1:21.010
11 ,30.203 ,1:20.930
27 ,PIT  ,1:38.997
22 ,38.549 ,1:20.658
26 ,39.407 ,1:20.359
14 ,PIT  ,1:43.473
12 ,72.258 ,1:21.086
8 ,78.022 ,1:23.961
19 ,1 LAP ,1:26.061
77 ,79.738 ,1:24.281
98 ,1 LAP ,1:28.648
44 ,0,1:21.076
33 ,1 LAP ,1:24.465
6 ,7.772 ,1:20.512
5 ,9.440 ,1:20.354
9 ,1 LAP ,1:21.896
55 ,1 LAP ,1:22.459
28 ,2 LAPS ,1:31.142
3 ,21.415 ,1:21.177
7 ,21.927 ,1:21.125
11 ,30.621 ,1:21.494
27 ,1 LAP ,1:23.415
22 ,38.362 ,1:20.889
26 ,39.274 ,1:20.943
14 ,71.122 ,1:24.701
12 ,73.342 ,1:22.160
8 ,78.298 ,1:21.352
77 ,79.932 ,1:21.270
44 ,0,1:21.254
33 ,1 LAP ,1:21.704
19 ,2 LAPS ,1:27.360
98 ,2 LAPS ,1:27.840
6 ,6.513 ,1:19.995
5 ,8.422 ,1:20.236
9 ,1 LAP ,1:21.347
55 ,1 LAP ,1:21.553
3 ,21.805 ,1:21.644
7 ,22.238 ,1:21.565
28 ,2 LAPS ,1:28.648
11 ,31.090 ,1:21.723
27 ,1 LAP ,1:20.587
22 ,38.267 ,1:21.159
26 ,38.932 ,1:20.912
14 ,71.664 ,1:21.796
12 ,74.226 ,1:22.138
8 ,77.977 ,1:20.933
44 ,0,1:20.224
77 ,1 LAP ,1:22.730
33 ,1 LAP ,1:20.514
19 ,2 LAPS ,1:21.834
6 ,7.458 ,1:21.169
5 ,9.616 ,1:21.418
98 ,2 LAPS ,1:27.649
9 ,1 LAP ,1:21.799
55 ,1 LAP ,1:21.385
3 ,23.187 ,1:21.606
7 ,23.589 ,1:21.575
11 ,32.791 ,1:21.925
27 ,1 LAP ,1:20.527
26 ,39.852 ,1:21.144
28 ,PIT  ,1:47.371
22 ,PIT  ,1:38.586
14 ,72.861 ,1:21.421
12 ,74.903 ,1:20.901
8 ,78.949 ,1:21.196
44 ,0,1:20.391
77 ,1 LAP ,1:21.284
33 ,1 LAP ,1:21.202
6 ,7.428 ,1:20.361
19 ,2 LAPS ,1:23.255
98 ,2 LAPS ,1:24.686
9 ,1 LAP ,1:22.519
55 ,1 LAP ,1:21.720
7 ,25.156 ,1:21.958
5 ,PIT  ,1:37.356
27 ,1 LAP ,1:21.004
26 ,39.271 ,1:19.810
3 ,PIT  ,1:38.798
11 ,PIT  ,1:38.853
22 ,60.487 ,1:24.249
28 ,2 LAPS ,1:29.994
14 ,72.929 ,1:20.459
12 ,75.660 ,1:21.148
44 ,0,1:20.379
8 ,1 LAP ,1:23.412
77 ,1 LAP ,1:20.948
33 ,1 LAP ,1:20.915
19 ,2 LAPS ,1:22.746
9 ,1 LAP ,1:21.266
55 ,1 LAP ,1:21.851
6 ,PIT  ,1:37.307
5 ,28.013 ,1:21.811
27 ,1 LAP ,1:20.846
26 ,38.927 ,1:20.035
7 ,PIT  ,1:36.150
98 ,PIT  ,1:46.307
3 ,44.095 ,1:22.880
11 ,54.330 ,1:23.456
22 ,60.324 ,1:20.216
28 ,2 LAPS ,1:24.494
14 ,73.596 ,1:21.046
12 ,76.840 ,1:21.559
8 ,82.919 ,1:21.328
77 ,83.844 ,1:21.198
33 ,84.737 ,1:21.441
19 ,1 LAP ,1:21.859
44 ,PIT  ,1:36.182
9 ,1 LAP ,1:21.174
55 ,1 LAP ,1:20.902
6 ,11.505 ,1:23.331
5 ,12.289 ,1:20.458
27 ,1 LAP ,1:20.216
26 ,23.382 ,1:20.637
7 ,27.697 ,1:22.952
3 ,28.406 ,1:20.493
98 ,2 LAPS ,1:25.914
11 ,38.741 ,1:20.593
22 ,44.317 ,1:20.175
28 ,2 LAPS ,1:23.543
14 ,58.175 ,1:20.761
12 ,61.663 ,1:21.005
8 ,68.071 ,1:21.334
77 ,69.112 ,1:21.450
33 ,69.760 ,1:21.205
19 ,1 LAP ,1:22.265
44 ,0,1:22.938
55 ,1 LAP ,1:22.002
6 ,8.283 ,1:19.716
5 ,9.992 ,1:20.641
27 ,1 LAP ,1:20.086
9 ,PIT  ,1:39.871
26 ,20.703 ,1:20.259
7 ,25.987 ,1:21.228
3 ,26.494 ,1:21.026
98 ,2 LAPS ,1:22.174
11 ,35.933 ,1:20.130
22 ,41.719 ,1:20.340
28 ,2 LAPS ,1:23.086
14 ,55.704 ,1:20.467
12 ,59.784 ,1:21.059
8 ,65.785 ,1:20.652
77 ,67.074 ,1:20.900
33 ,67.764 ,1:20.942
19 ,1 LAP ,1:21.884
44 ,0,1:20.090
55 ,1 LAP ,1:20.858
6 ,7.697 ,1:19.504
5 ,9.760 ,1:19.858
27 ,1 LAP ,1:20.282
26 ,21.569 ,1:20.956
9 ,1 LAP ,1:23.887
7 ,26.311 ,1:20.414
3 ,27.564 ,1:21.160
98 ,2 LAPS ,1:22.511
11 ,36.770 ,1:20.927
22 ,41.890 ,1:20.261
28 ,2 LAPS ,1:23.126
14 ,56.537 ,1:20.923
12 ,60.333 ,1:20.639
8 ,66.178 ,1:20.483
77 ,67.786 ,1:20.802
33 ,68.630 ,1:20.956
44 ,0,1:19.867
55 ,1 LAP ,1:20.426
6 ,7.527 ,1:19.697
5 ,9.855 ,1:19.962
19 ,PIT  ,1:39.805
27 ,1 LAP ,1:20.135
26 ,21.772 ,1:20.070
9 ,1 LAP ,1:19.773
7 ,26.633 ,1:20.189
3 ,28.775 ,1:21.078
98 ,2 LAPS ,1:22.719
11 ,37.462 ,1:20.559
22 ,42.411 ,1:20.388
28 ,2 LAPS ,1:25.961
14 ,62.872 ,1:26.202
12 ,63.346 ,1:22.880
8 ,67.771 ,1:21.460
77 ,68.870 ,1:20.951
33 ,69.537 ,1:20.774
44 ,0,1:18.676
55 ,1 LAP ,1:20.139
6 ,8.698 ,1:19.847
5 ,10.337 ,1:19.158
27 ,1 LAP ,1:20.317
19 ,2 LAPS ,1:23.689
26 ,23.397 ,1:20.301
9 ,1 LAP ,1:20.062
7 ,27.889 ,1:19.932
3 ,31.623 ,1:21.524
11 ,39.324 ,1:20.538
98 ,2 LAPS ,1:23.794
22 ,44.755 ,1:21.020
12 ,67.379 ,1:22.709
28 ,2 LAPS ,1:24.267
8 ,70.848 ,1:21.753
77 ,71.838 ,1:21.644
33 ,72.443 ,1:21.582
44 ,0,1:19.970
55 ,1 LAP ,1:20.541
6 ,9.240 ,1:20.512
5 ,11.017 ,1:20.650
27 ,1 LAP ,1:20.690
19 ,2 LAPS ,1:20.926
26 ,23.893 ,1:20.466
9 ,1 LAP ,1:20.660
7 ,28.904 ,1:20.985
3 ,33.541 ,1:21.888
11 ,39.932 ,1:20.578
98 ,2 LAPS ,1:22.399
22 ,46.093 ,1:21.308
12 ,69.168 ,1:21.759
28 ,2 LAPS ,1:23.863
8 ,72.602 ,1:21.724
77 ,73.707 ,1:21.839
33 ,74.380 ,1:21.907
44 ,0,1:20.234
55 ,1 LAP ,1:20.525
6 ,9.481 ,1:20.475
5 ,11.063 ,1:20.280
27 ,1 LAP ,1:20.948
26 ,23.794 ,1:20.135
9 ,1 LAP ,1:20.713
19 ,2 LAPS ,1:25.155
7 ,28.521 ,1:19.851
3 ,34.608 ,1:21.301
11 ,40.002 ,1:20.304
98 ,2 LAPS ,1:22.622
22 ,47.499 ,1:21.640
12 ,69.718 ,1:20.784
8 ,73.679 ,1:21.311
77 ,75.687 ,1:22.214
33 ,76.342 ,1:22.196
28 ,2 LAPS ,1:27.718
44 ,0,1:19.505
55 ,1 LAP ,1:20.661
6 ,10.034 ,1:20.058
5 ,11.672 ,1:20.114
27 ,1 LAP ,1:20.336
26 ,24.594 ,1:20.305
9 ,1 LAP ,1:19.962
7 ,29.532 ,1:20.516
19 ,2 LAPS ,1:22.640
3 ,35.515 ,1:20.412
11 ,40.723 ,1:20.226
22 ,48.320 ,1:20.326
98 ,2 LAPS ,1:23.622
12 ,71.101 ,1:20.888
8 ,75.082 ,1:20.908
77 ,76.847 ,1:20.665
33 ,77.548 ,1:20.711
44 ,0,1:20.258
28 ,3 LAPS ,1:24.310
55 ,1 LAP ,1:20.146
6 ,10.022 ,1:20.246
5 ,11.602 ,1:20.188
27 ,1 LAP ,1:20.110
26 ,24.726 ,1:20.390
9 ,1 LAP ,1:20.307
7 ,29.212 ,1:19.938
19 ,2 LAPS ,1:20.623
3 ,35.597 ,1:20.340
11 ,40.466 ,1:20.001
22 ,48.448 ,1:20.386
98 ,2 LAPS ,1:22.239
12 ,71.635 ,1:20.792
8 ,75.982 ,1:21.158
77 ,77.376 ,1:20.787
44 ,0,1:20.042
28 ,3 LAPS ,1:23.141
55 ,1 LAP ,1:20.154
6 ,10.170 ,1:20.190
5 ,11.591 ,1:20.031
33 ,PIT  ,1:38.784
27 ,1 LAP ,1:19.921
26 ,24.952 ,1:20.268
9 ,1 LAP ,1:20.010
7 ,28.934 ,1:19.764
19 ,2 LAPS ,1:19.848
3 ,35.605 ,1:20.050
11 ,40.418 ,1:19.994
22 ,48.553 ,1:20.147
98 ,2 LAPS ,1:22.345
12 ,71.892 ,1:20.299
8 ,76.961 ,1:21.021
77 ,78.282 ,1:20.948
44 ,0,1:20.007
55 ,1 LAP ,1:20.665
6 ,11.203 ,1:21.040
5 ,12.462 ,1:20.878
28 ,3 LAPS ,1:27.534
33 ,1 LAP ,1:22.068
27 ,1 LAP ,1:20.173
26 ,24.949 ,1:20.004
9 ,1 LAP ,1:19.923
7 ,28.946 ,1:20.019
19 ,2 LAPS ,1:19.870
3 ,35.539 ,1:19.941
11 ,40.464 ,1:20.053
22 ,48.815 ,1:20.269
98 ,2 LAPS ,1:22.125
12 ,72.018 ,1:20.133
8 ,79.187 ,1:22.233
77 ,80.045 ,1:21.770
44 ,0,1:20.584
55 ,1 LAP ,1:19.816
6 ,10.671 ,1:20.052
5 ,12.304 ,1:20.426
33 ,1 LAP ,1:19.674
28 ,3 LAPS ,1:24.465
27 ,1 LAP ,1:20.336
26 ,24.589 ,1:20.224
9 ,1 LAP ,1:20.102
7 ,28.651 ,1:20.289
19 ,2 LAPS ,1:19.935
3 ,34.734 ,1:19.779
11 ,39.944 ,1:20.064
22 ,48.295 ,1:20.064
98 ,2 LAPS ,1:21.715
12 ,73.084 ,1:21.650
44 ,0,1:20.257
8 ,1 LAP ,1:23.239
77 ,1 LAP ,1:23.252
55 ,1 LAP ,1:20.159
6 ,10.486 ,1:20.072
5 ,12.287 ,1:20.240
33 ,1 LAP ,1:18.873
27 ,1 LAP ,1:20.685
28 ,3 LAPS ,1:24.942
26 ,24.313 ,1:19.981
9 ,1 LAP ,1:20.173
7 ,28.510 ,1:20.116
19 ,2 LAPS ,1:20.263
3 ,34.340 ,1:19.863
11 ,40.210 ,1:20.523
22 ,47.935 ,1:19.897
98 ,2 LAPS ,1:22.653
12 ,73.673 ,1:20.846
44 ,0,1:19.596
8 ,1 LAP ,1:20.912
77 ,1 LAP ,1:21.958
55 ,1 LAP ,1:20.439
6 ,11.083 ,1:20.193
5 ,13.040 ,1:20.349
33 ,1 LAP ,1:19.088
27 ,1 LAP ,1:20.205
26 ,26.072 ,1:21.355
9 ,1 LAP ,1:21.036
28 ,3 LAPS ,1:25.612
7 ,29.847 ,1:20.933
19 ,2 LAPS ,1:20.682
3 ,34.806 ,1:20.062
11 ,41.094 ,1:20.480
22 ,48.365 ,1:20.026
98 ,2 LAPS ,1:22.237
12 ,75.123 ,1:21.046
44 ,0,1:19.790
8 ,1 LAP ,1:20.824
77 ,1 LAP ,1:21.725
55 ,1 LAP ,1:20.242
6 ,11.560 ,1:20.267
5 ,13.566 ,1:20.316
33 ,1 LAP ,1:19.369
27 ,1 LAP ,1:20.198
26 ,26.978 ,1:20.696
9 ,1 LAP ,1:20.393
7 ,30.536 ,1:20.479
19 ,2 LAPS ,1:20.904
3 ,36.015 ,1:20.999
28 ,3 LAPS ,1:27.670
11 ,41.972 ,1:20.668
22 ,48.484 ,1:19.909
98 ,2 LAPS ,1:22.172
12 ,76.538 ,1:21.205
44 ,0,1:19.884
8 ,1 LAP ,1:20.877
77 ,1 LAP ,1:21.621
55 ,1 LAP ,1:20.485
6 ,12.061 ,1:20.385
5 ,13.717 ,1:20.035
33 ,1 LAP ,1:19.441
27 ,1 LAP ,1:20.163
26 ,27.598 ,1:20.504
9 ,1 LAP ,1:20.597
7 ,30.689 ,1:20.037
19 ,2 LAPS ,1:20.158
3 ,35.963 ,1:19.832
28 ,3 LAPS ,1:23.105
11 ,42.402 ,1:20.314
22 ,48.762 ,1:20.162
98 ,2 LAPS ,1:22.377
12 ,77.262 ,1:20.608
44 ,0,1:20.001
8 ,1 LAP ,1:21.041
77 ,1 LAP ,1:21.635
55 ,1 LAP ,1:21.000
6 ,12.440 ,1:20.380
5 ,14.020 ,1:20.304
33 ,1 LAP ,1:20.271
27 ,1 LAP ,1:20.239
26 ,28.436 ,1:20.839
9 ,1 LAP ,1:20.605
7 ,30.881 ,1:20.193
19 ,2 LAPS ,1:20.339
3 ,36.020 ,1:20.058
11 ,43.878 ,1:21.477
28 ,3 LAPS ,1:24.734
22 ,48.967 ,1:20.206
98 ,2 LAPS ,1:22.262
12 ,77.936 ,1:20.675
44 ,0,1:19.936
8 ,1 LAP ,1:20.995
77 ,1 LAP ,1:22.374
6 ,13.420 ,1:20.916
5 ,14.772 ,1:20.688
33 ,1 LAP ,1:20.548
55 ,1 LAP ,1:25.421
27 ,1 LAP ,1:20.328
26 ,28.598 ,1:20.098
9 ,1 LAP ,1:21.393
7 ,31.557 ,1:20.612
19 ,2 LAPS ,1:20.735
3 ,35.636 ,1:19.552
11 ,44.317 ,1:20.375
28 ,3 LAPS ,1:23.453
22 ,49.537 ,1:20.506
98 ,2 LAPS ,1:22.427
44 ,0,1:20.241
12 ,1 LAP ,1:23.265
8 ,1 LAP ,1:21.396
6 ,13.972 ,1:20.793
5 ,16.357 ,1:21.826
33 ,1 LAP ,1:21.941
77 ,1 LAP ,1:26.940
55 ,1 LAP ,1:23.731
27 ,1 LAP ,1:20.582
26 ,28.511 ,1:20.154
7 ,31.190 ,1:19.874
9 ,1 LAP ,1:21.901
19 ,2 LAPS ,1:22.340
3 ,35.828 ,1:20.433
11 ,44.107 ,1:20.031
22 ,49.769 ,1:20.473
28 ,3 LAPS ,1:24.719
98 ,2 LAPS ,1:22.097
44 ,0,1:19.702
12 ,1 LAP ,1:21.592
8 ,1 LAP ,1:21.742
6 ,14.260 ,1:19.990
5 ,16.124 ,1:19.469
33 ,1 LAP ,1:20.122
55 ,1 LAP ,1:23.075
27 ,1 LAP ,1:21.053
26 ,29.280 ,1:20.471
7 ,31.372 ,1:19.884
9 ,1 LAP ,1:20.111
3 ,35.904 ,1:19.778
19 ,2 LAPS ,1:21.476
77 ,PIT  ,1:39.606
11 ,44.793 ,1:20.388
22 ,50.411 ,1:20.344
28 ,3 LAPS ,1:22.886
98 ,2 LAPS ,1:22.436
44 ,0,1:19.833
12 ,1 LAP ,1:20.435
8 ,1 LAP ,1:21.225
6 ,14.447 ,1:20.020
5 ,16.417 ,1:20.126
33 ,1 LAP ,1:19.581
55 ,1 LAP ,1:21.087
27 ,1 LAP ,1:20.910
26 ,29.721 ,1:20.274
7 ,31.444 ,1:19.905
9 ,1 LAP ,1:19.943
3 ,35.612 ,1:19.541
19 ,2 LAPS ,1:20.427
77 ,1 LAP ,1:23.817
11 ,45.296 ,1:20.336
22 ,51.022 ,1:20.444
28 ,3 LAPS ,1:23.083
44 ,0,1:20.078
98 ,3 LAPS ,1:24.565
12 ,1 LAP ,1:20.879
8 ,1 LAP ,1:21.446
6 ,14.392 ,1:20.023
5 ,16.287 ,1:19.948
33 ,1 LAP ,1:19.843
55 ,1 LAP ,1:20.719
27 ,1 LAP ,1:20.998
26 ,29.755 ,1:20.112
7 ,31.326 ,1:19.960
9 ,1 LAP ,1:19.753
3 ,34.904 ,1:19.370
19 ,2 LAPS ,1:20.338
77 ,1 LAP ,1:19.842
11 ,45.548 ,1:20.330
22 ,51.510 ,1:20.566
28 ,3 LAPS ,1:23.005
44 ,0,1:19.139
98 ,3 LAPS ,1:22.860
12 ,1 LAP ,1:21.992
6 ,15.878 ,1:20.625
8 ,1 LAP ,1:24.040
5 ,18.207 ,1:21.059
33 ,1 LAP ,1:20.852
55 ,1 LAP ,1:20.412
27 ,1 LAP ,1:20.317
26 ,30.686 ,1:20.070
7 ,32.005 ,1:19.818
9 ,1 LAP ,1:19.998
3 ,35.169 ,1:19.404
19 ,2 LAPS ,1:19.958
77 ,1 LAP ,1:19.268
11 ,46.638 ,1:20.229
22 ,52.587 ,1:20.216
28 ,3 LAPS ,1:22.755
44 ,0,1:19.391
98 ,3 LAPS ,1:22.770
12 ,1 LAP ,1:22.122
6 ,16.696 ,1:20.209
5 ,20.168 ,1:21.352
8 ,1 LAP ,1:24.050
33 ,1 LAP ,1:23.593
55 ,1 LAP ,1:20.406
27 ,1 LAP ,1:20.141
26 ,31.313 ,1:20.018
7 ,32.602 ,1:19.988
9 ,1 LAP ,1:19.929
3 ,35.572 ,1:19.794
19 ,2 LAPS ,1:20.705
77 ,1 LAP ,1:19.305
11 ,47.278 ,1:20.031
22 ,53.404 ,1:20.208
28 ,3 LAPS ,1:22.693
44 ,0,1:19.290
12 ,1 LAP ,1:21.006
98 ,3 LAPS ,1:25.247
6 ,17.422 ,1:20.016
5 ,20.619 ,1:19.741
8 ,1 LAP ,1:20.811
33 ,1 LAP ,1:20.788
55 ,1 LAP ,1:20.256
27 ,1 LAP ,1:20.218
26 ,31.895 ,1:19.872
7 ,33.378 ,1:20.066
3 ,36.209 ,1:19.927
9 ,1 LAP ,1:22.681
77 ,1 LAP ,1:20.071
19 ,2 LAPS ,1:22.617
11 ,48.623 ,1:20.635
22 ,54.192 ,1:20.078
28 ,3 LAPS ,1:22.833
44 ,0,1:19.399
12 ,1 LAP ,1:20.648
6 ,19.196 ,1:21.173
5 ,20.981 ,1:19.761
98 ,3 LAPS ,1:26.417
8 ,1 LAP ,1:21.059
33 ,1 LAP ,1:20.974
55 ,1 LAP ,1:20.617
27 ,1 LAP ,1:20.372
26 ,32.517 ,1:20.021
7 ,33.759 ,1:19.780
3 ,36.619 ,1:19.809
9 ,1 LAP ,1:20.147
77 ,1 LAP ,1:19.385
19 ,2 LAPS ,1:21.400
11 ,49.793 ,1:20.569
22 ,61.637 ,1:26.844
28 ,3 LAPS ,1:31.600
44 ,0,1:33.047
12 ,1 LAP ,1:36.830
6 ,25.727 ,1:39.578
5 ,26.904 ,1:38.970
98 ,3 LAPS ,1:40.012
55 ,1 LAP ,1:38.951
27 ,1 LAP ,1:38.151
8 ,1 LAP ,1:50.177
26 ,44.255 ,1:44.785
7 ,44.795 ,1:44.083
3 ,46.193 ,1:42.621
9 ,1 LAP ,1:42.790
77 ,1 LAP ,1:43.486
19 ,PIT  ,1:59.733
11 ,PIT  ,2:00.310
22 ,PIT  ,2:08.020
28 ,3 LAPS ,1:45.174
6 ,0,1:43.378
5 ,1.024 ,1:43.225
44 ,PIT  ,2:11.321
98 ,3 LAPS ,1:42.963
12 ,PIT  ,1:59.948
55 ,1 LAP ,1:45.145
27 ,1 LAP ,1:45.476
8 ,1 LAP ,1:43.133
26 ,18.917 ,1:43.767
7 ,19.939 ,1:44.249
9 ,1 LAP ,1:44.921
77 ,1 LAP ,1:45.474
3 ,PIT  ,1:59.200
19 ,2 LAPS ,1:45.932
11 ,54.170 ,1:46.219
22 ,65.256 ,1:37.751
28 ,3 LAPS ,1:46.111
6 ,0,2:01.594
5 ,0.684 ,2:01.254
44 ,1.759 ,2:01.137
98 ,3 LAPS ,2:00.640
12 ,1 LAP ,1:58.479
55 ,1 LAP ,1:55.522
27 ,1 LAP ,1:55.621
8 ,1 LAP ,1:52.002
26 ,8.819 ,1:51.496
7 ,10.382 ,1:52.037
9 ,1 LAP ,1:49.797
77 ,1 LAP ,1:44.355
3 ,14.149 ,1:39.455
19 ,2 LAPS ,1:27.163
11 ,21.300 ,1:28.724
22 ,35.999 ,1:32.337
28 ,3 LAPS ,1:35.280
6 ,0,2:00.939
5 ,0.720 ,2:00.975
44 ,1.634 ,2:00.814
98 ,3 LAPS ,2:00.677
12 ,1 LAP ,2:00.446
55 ,1 LAP ,2:00.856
27 ,1 LAP ,2:01.331
8 ,1 LAP ,2:01.526
26 ,8.964 ,2:01.084
7 ,10.559 ,2:01.116
9 ,1 LAP ,2:00.778
77 ,1 LAP ,2:00.521
3 ,13.734 ,2:00.524
19 ,2 LAPS ,2:00.168
11 ,16.666 ,1:56.305
22 ,17.610 ,1:42.550
28 ,3 LAPS ,1:31.906
98 ,2 LAPS ,1:54.064
12 ,121.670 ,1:57.786
55 ,126.168 ,2:01.070
27 ,127.875 ,2:01.363
8 ,129.879 ,2:02.003
6 ,0,2:10.541
9 ,1 LAP ,1:58.835
5 ,0.470 ,2:10.291
44 ,1.521 ,2:10.428
26 ,2.381 ,2:03.958
28 ,3 LAPS ,1:54.717
7 ,3.030 ,2:03.012
77 ,1 LAP ,2:01.688
19 ,2 LAPS ,2:00.436
3 ,5.189 ,2:01.996
11 ,7.102 ,2:00.977
22 ,8.804 ,2:01.735
98 ,2 LAPS ,1:26.597
12 ,76.123 ,1:24.994
55 ,80.305 ,1:24.678
27 ,82.492 ,1:25.158
8 ,88.655 ,1:29.317
9 ,90.152 ,1:29.848
28 ,2 LAPS ,1:30.725
19 ,1 LAP ,1:38.507
77 ,124.028 ,2:00.007
6 ,0,2:14.446
5 ,1.402 ,2:15.378
44 ,2.215 ,2:15.140
26 ,3.040 ,2:15.105
7 ,4.401 ,2:15.817
3 ,5.182 ,2:14.439
11 ,5.840 ,2:13.184
22 ,6.559 ,2:12.201
98 ,2 LAPS ,1:24.560
12 ,24.459 ,1:22.782
55 ,28.081 ,1:22.222
27 ,29.803 ,1:21.757
8 ,39.386 ,1:25.177
28 ,2 LAPS ,1:24.221
19 ,1 LAP ,1:22.766
9 ,PIT  ,1:42.634
77 ,73.993 ,1:24.411
6 ,0,1:56.858
5 ,0.375 ,1:55.831
44 ,0.629 ,1:55.272
26 ,1.281 ,1:55.099
7 ,2.077 ,1:54.534
3 ,2.305 ,1:53.981
11 ,3.239 ,1:54.257
22 ,4.362 ,1:54.661
12 ,5.672 ,1:38.071
98 ,2 LAPS ,1:40.101
55 ,6.824 ,1:35.601
27 ,6.978 ,1:34.033
8 ,7.630 ,1:25.102
28 ,2 LAPS ,1:26.614
19 ,1 LAP ,1:22.491
9 ,25.722 ,1:24.240
77 ,38.696 ,1:21.561
6 ,0,1:22.014
5 ,2.016 ,1:23.655
44 ,2.342 ,1:23.727
26 ,3.416 ,1:24.149
7 ,4.784 ,1:24.721
3 ,5.251 ,1:24.960
11 ,6.065 ,1:24.840
22 ,7.197 ,1:24.849
12 ,7.700 ,1:24.042
55 ,9.665 ,1:24.855
27 ,10.673 ,1:25.709
98 ,2 LAPS ,1:27.742
8 ,11.728 ,1:26.112
19 ,1 LAP ,1:21.155
28 ,2 LAPS ,1:25.614
9 ,24.026 ,1:20.318
77 ,36.973 ,1:20.291
6 ,0,1:19.204
5 ,3.008 ,1:20.196
44 ,3.495 ,1:20.357
26 ,5.115 ,1:20.903
3 ,5.647 ,1:19.600
7 ,8.404 ,1:22.824
11 ,9.131 ,1:22.270
22 ,10.247 ,1:22.254
12 ,11.041 ,1:22.545
55 ,12.178 ,1:21.717
27 ,13.016 ,1:21.547
8 ,14.859 ,1:22.335
98 ,2 LAPS ,1:25.104
19 ,1 LAP ,1:21.223
28 ,2 LAPS ,1:24.310
9 ,24.610 ,1:19.788
77 ,36.783 ,1:19.014
6 ,0,1:18.603
5 ,3.937 ,1:19.532
44 ,4.417 ,1:19.525
3 ,6.752 ,1:19.708
26 ,8.430 ,1:21.918
7 ,10.156 ,1:20.355
11 ,10.849 ,1:20.321
22 ,12.436 ,1:20.792
12 ,13.896 ,1:21.458
55 ,15.292 ,1:21.717
27 ,16.081 ,1:21.668
8 ,17.866 ,1:21.610
19 ,1 LAP ,1:19.764
98 ,2 LAPS ,1:24.027
9 ,27.052 ,1:21.045
28 ,2 LAPS ,1:25.112
77 ,37.296 ,1:19.116
6 ,0,1:18.829
5 ,4.379 ,1:19.271
44 ,4.990 ,1:19.402
3 ,5.986 ,1:18.063
26 ,9.529 ,1:19.928
7 ,10.978 ,1:19.651
11 ,11.677 ,1:19.657
22 ,13.839 ,1:20.232
12 ,16.080 ,1:21.013
55 ,17.603 ,1:21.140
27 ,18.625 ,1:21.373
8 ,20.408 ,1:21.371
19 ,1 LAP ,1:21.033
98 ,2 LAPS ,1:24.110
9 ,28.485 ,1:20.262
28 ,2 LAPS ,1:23.378
77 ,37.411 ,1:18.944
6 ,0,1:18.607
5 ,4.626 ,1:18.854
44 ,5.194 ,1:18.811
3 ,5.890 ,1:18.511
26 ,10.052 ,1:19.130
7 ,12.213 ,1:19.842
11 ,12.908 ,1:19.838
22 ,14.806 ,1:19.574
12 ,17.807 ,1:20.334
55 ,19.798 ,1:20.802
27 ,21.025 ,1:21.007
8 ,22.788 ,1:20.987
19 ,1 LAP ,1:20.968
9 ,29.163 ,1:19.285
98 ,2 LAPS ,1:24.279
28 ,2 LAPS ,1:23.490
77 ,38.748 ,1:19.944
6 ,0,1:18.599
5 ,5.122 ,1:19.095
44 ,5.908 ,1:19.313
3 ,6.378 ,1:19.087
26 ,10.970 ,1:19.517
7 ,13.541 ,1:19.927
11 ,14.142 ,1:19.833
22 ,15.697 ,1:19.490
12 ,19.225 ,1:20.017
55 ,22.030 ,1:20.831
27 ,23.275 ,1:20.849
8 ,25.120 ,1:20.931
19 ,1 LAP ,1:20.978
9 ,30.506 ,1:19.942
98 ,2 LAPS ,1:22.876
77 ,40.787 ,1:20.638
28 ,2 LAPS ,1:24.778
6 ,0,1:19.156
5 ,5.036 ,1:19.070
44 ,5.739 ,1:18.987
3 ,6.285 ,1:19.063
26 ,11.737 ,1:19.923
7 ,14.170 ,1:19.785
11 ,14.906 ,1:19.920
22 ,16.051 ,1:19.510
12 ,21.359 ,1:21.290
55 ,23.762 ,1:20.888
27 ,25.177 ,1:21.058
8 ,26.961 ,1:20.997
19 ,1 LAP ,1:20.734
9 ,31.276 ,1:19.926
98 ,2 LAPS ,1:23.176
77 ,42.546 ,1:20.915
28 ,2 LAPS ,1:23.063
6 ,0,1:19.815
5 ,4.486 ,1:19.265
44 ,6.053 ,1:20.129
26 ,11.965 ,1:20.043
3 ,13.608 ,1:27.138
7 ,14.345 ,1:19.990
11 ,15.013 ,1:19.922
22 ,16.063 ,1:19.827
12 ,23.626 ,1:22.082
55 ,25.056 ,1:21.109
27 ,26.232 ,1:20.870
8 ,28.415 ,1:21.269
19 ,1 LAP ,1:21.563
9 ,31.159 ,1:19.698
77 ,45.789 ,1:23.058
98 ,2 LAPS ,1:25.341
28 ,2 LAPS ,1:23.513
